supplier_id,risk_tier,is_inconsistent,n_shipments,delay_rate,delay_rate_std_over_time,avg_penalty_cost,total_penalty_cost,avg_transportation_cost,avg_route_risk_score,avg_supplier_rating,rating_actual_gap,most_common_region
1646,Tier 1 - Reliable,False,49,0.08163265306122448,0.3205341873219848,446.9466096235104,21900.38387155201,18433.530156203877,50.224489795918366,79.79276928557327,-12.043965408304288,North
1582,Tier 1 - Reliable,False,57,0.07017543859649122,0.3177817201710584,294.8205065541434,16804.768873586174,17450.591953804145,49.31578947368421,80.61580529099166,-12.366650849359218,North
1804,Tier 1 - Reliable,False,43,0.06976744186046512,0.30993404669460334,183.82359487961594,7904.414579823485,16572.452097186833,50.46511627906977,79.6061978231627,-13.41705799079078,North
1679,Tier 1 - Reliable,False,52,0.07692307692307693,0.30977506538294025,540.8590808337198,28124.672203353428,16349.27603613536,46.80769230769231,79.90332704275703,-12.40436526493528,East
1275,Tier 1 - Reliable,False,39,0.07692307692307693,0.3059652245186021,461.84416122828844,18011.92228790325,17019.610835882533,48.07692307692308,80.68011271662678,-11.627579591065526,North
1940,Tier 1 - Reliable,False,64,0.0625,0.30053715351876426,290.881891344752,18616.441046064127,17621.589057150304,46.65625,80.68349453602966,-13.066505463970344,South
1939,Tier 1 - Reliable,False,46,0.08695652173913043,0.29860788111948194,437.86577823509066,20141.82579881417,18394.12832257884,53.82608695652174,79.00844233623462,-12.295905489852345,North
1830,Tier 1 - Reliable,False,33,0.09090909090909091,0.29411498293763577,434.6070496852965,14342.032639614785,18335.279206275514,51.878787878787875,80.12808047333249,-10.781010435758418,North
1743,Tier 1 - Reliable,False,56,0.08928571428571429,0.290860029604927,341.8201117564,19141.926258358402,16450.507267193134,53.660714285714285,79.76321231766426,-11.308216253764314,North
1328,Tier 1 - Reliable,False,53,0.11320754716981132,0.28849179057212915,445.0059235061493,23585.313945825914,17859.75340562576,47.22641509433962,80.83393546941974,-7.84530981359913,North
1257,Tier 1 - Reliable,False,55,0.10909090909090909,0.28828009488241313,373.2734845979494,20530.041652887216,16955.248929607304,46.30909090909091,79.75287061458329,-9.338038476325806,North
1183,Tier 1 - Reliable,False,45,0.08888888888888889,0.2841491522787649,525.8188427699187,23661.84792464634,16548.621680813045,50.51111111111111,78.57345846884958,-12.537652642261534,North
1058,Tier 1 - Reliable,False,47,0.0851063829787234,0.2840560344154489,381.46607445497176,17928.905499383673,18061.68257011498,45.255319148936174,80.30560896704957,-11.183752735078087,South
1726,Tier 1 - Reliable,False,55,0.09090909090909091,0.2820821403078875,556.8842800229584,30628.63540126271,18696.764318110243,53.96363636363636,80.02383396950631,-10.885256939584593,North
1208,Tier 1 - Reliable,False,55,0.07272727272727272,0.28173814958564003,329.3186936691391,18112.528151802653,19546.392742068136,45.50909090909091,79.66874416780415,-13.05852855946857,East
1523,Tier 1 - Reliable,False,45,0.08888888888888889,0.2809507667427397,369.6549570306405,16634.47306637882,18410.420137394864,42.13333333333333,81.75079098958615,-9.360320121524964,North
1874,Tier 1 - Reliable,False,52,0.1346153846153846,0.27952379553713014,439.1909434195185,22837.92905781496,18877.96252676611,46.01923076923077,80.26710814552891,-6.271353392932639,North
1310,Tier 1 - Reliable,False,58,0.1206896551724138,0.27938884654190554,506.368251944779,29369.358612797183,17175.34798186132,46.6551724137931,80.75280544983845,-7.1782290329201714,South
1000,Tier 1 - Reliable,False,54,0.1111111111111111,0.2755796994913758,544.3668156785823,29395.808046643444,18951.692571492196,52.111111111111114,79.35650451263062,-9.532384376258264,North
1033,Tier 1 - Reliable,False,55,0.10909090909090909,0.2755796994913758,352.7156448118887,19399.360464653877,16123.880997332866,54.018181818181816,80.3794306270834,-8.7114784638257,North
1197,Tier 1 - Reliable,False,51,0.09803921568627451,0.2755796994913758,347.2495148525097,17709.725257477996,16719.17153005991,51.27450980392157,78.59330275262784,-11.60277567874472,East
1295,Tier 1 - Reliable,False,51,0.11764705882352941,0.2745899702985174,452.7602607758418,23090.773299567933,15724.786419784992,48.64705882352941,79.64871560193731,-8.586578515709746,South
1079,Tier 1 - Reliable,False,52,0.09615384615384616,0.2735863301078726,472.55758622074063,24572.994483478513,18079.671297915153,46.32692307692308,79.63331926636185,-10.751296118253535,East
1061,Tier 1 - Reliable,False,48,0.10416666666666667,0.27283506187932505,605.9878463527175,29087.41662493044,19769.288990354067,52.770833333333336,79.2832396767922,-10.300093656541137,South
1944,Tier 1 - Reliable,False,53,0.11320754716981132,0.27259421875878354,451.7196332439849,23941.1405619312,16369.937364600955,50.471698113207545,79.64408211307317,-9.035163169945704,East
1827,Tier 1 - Reliable,False,63,0.09523809523809523,0.2724398738226195,667.2342604530515,42035.75840854225,17038.47990299809,49.95238095238095,79.31515896225098,-11.161031513939506,North
1583,Tier 1 - Reliable,False,64,0.109375,0.2697356920217401,438.2892846900646,28050.514220164136,18918.214783694824,49.0625,80.59788700331731,-8.464612996682689,East
1119,Tier 1 - Reliable,False,45,0.08888888888888889,0.26891414022846555,349.23365405772057,15715.514432597425,19601.048498366014,44.2,80.95459171213494,-10.156519398976172,North
1213,Tier 1 - Reliable,False,49,0.08163265306122448,0.2686825147679281,479.6591859564738,23503.300111867215,17507.144436433213,55.93877551020408,77.73588304688994,-14.100851646987621,West
1764,Tier 1 - Reliable,False,53,0.07547169811320754,0.2686825147679281,490.74313834435935,26009.386332251044,18752.530475609623,42.83018867924528,79.5442406224719,-12.90858956620734,North
1787,Tier 1 - Reliable,False,67,0.11940298507462686,0.2685476960749688,587.4066913154277,39356.24831813366,17779.565101357337,53.92537313432836,79.13858381212641,-8.921117680410902,North
1173,Tier 1 - Reliable,False,41,0.07317073170731707,0.26688025634181184,367.43472353790906,15064.823665054271,18609.416353301844,57.41463414634146,81.19417251434656,-11.488754314921735,South
1765,Tier 1 - Reliable,False,55,0.05454545454545454,0.2664350846284844,226.01353008575998,12430.744154716798,16782.789936666977,48.61818181818182,81.70388705765237,-12.84156748780218,North
1066,Tier 1 - Reliable,False,48,0.0625,0.26399329597067483,302.1561332582285,14503.494396394968,13918.27680670283,46.479166666666664,79.5961425003311,-14.153857499668902,East
1437,Tier 1 - Reliable,False,43,0.046511627906976744,0.26226526415648105,243.4176886659987,10466.960612637944,17458.115386538324,45.83720930232558,77.43042493764526,-17.918412271657076,North
1519,Tier 1 - Reliable,False,52,0.057692307692307696,0.25795145424255567,289.8202124864816,15070.651049297041,17849.91590608628,45.48076923076923,79.53860674035435,-14.692162490414873,East
1168,Tier 1 - Reliable,False,57,0.12280701754385964,0.25649261497840736,651.1292590468508,37114.3677656705,19052.090779348007,52.49122807017544,79.36346774803742,-8.355830497576619,North
1806,Tier 1 - Reliable,False,56,0.07142857142857142,0.2554951619459315,453.136777023663,25375.65951332513,18130.36247083187,55.142857142857146,80.68950057660915,-12.167642280533713,East
1741,Tier 1 - Reliable,False,68,0.11764705882352941,0.25345259021800404,456.1294338620346,31016.801502618353,16846.380087457714,52.970588235294116,79.59776179376418,-8.63753232388288,North
1008,Tier 1 - Reliable,False,47,0.10638297872340426,0.2533114025595111,414.80164075765384,19495.67711560973,16297.766258804397,43.42553191489362,82.50366568782047,-6.858036439839097,East
1265,Tier 1 - Reliable,False,47,0.10638297872340426,0.25021358397744436,371.98549345082444,17483.318192188748,18025.379266513602,49.40425531914894,80.34341991051423,-9.018282217145341,North
1370,Tier 1 - Reliable,False,48,0.08333333333333333,0.25,262.1960797934709,12585.411830086605,17569.23361629998,49.125,79.21127703517641,-12.455389631490249,West
1238,Tier 1 - Reliable,False,49,0.10204081632653061,0.24933774718103185,418.95890055751033,20528.986127318007,17930.67056315005,44.224489795918366,80.42880699677475,-9.36711137057219,North
1196,Tier 1 - Reliable,False,51,0.11764705882352941,0.24901924024175726,444.32083318236124,22660.362492300424,19032.742033468843,49.627450980392155,78.84495509824892,-9.39033901939814,South
1191,Tier 1 - Reliable,False,49,0.12244897959183673,0.24845739857165042,500.9487191305726,24546.487237398058,17960.44403268262,47.16326530612245,81.1430265955035,-6.612075445312826,South
1399,Tier 1 - Reliable,False,56,0.10714285714285714,0.24813326485111314,398.80086379265583,22332.848372388726,15628.122544102069,46.642857142857146,80.19024860683992,-9.095465678874376,West
1588,Tier 1 - Reliable,False,59,0.11864406779661017,0.2479865443995068,534.5211045097576,31536.7451660757,16950.622382750294,49.50847457627118,79.57694545847181,-8.558647761867164,North
1271,Tier 1 - Reliable,False,44,0.11363636363636363,0.24632463393214157,582.952269640822,25649.89986419617,15271.924483614344,52.29545454545455,77.96293809089356,-10.673425545470081,West
1912,Tier 1 - Reliable,False,50,0.12,0.24604145680643524,461.52842503913564,23076.42125195678,17793.2895809899,49.3,80.45878200252515,-7.5412179974748454,South
1614,Tier 1 - Reliable,False,58,0.10344827586206896,0.24604145680643522,482.72507215146004,27998.054184784683,17093.33023493389,52.689655172413794,80.76562836118859,-8.88954405260452,East
1914,Tier 1 - Reliable,False,51,0.11764705882352941,0.24585033421021768,616.8350137906215,31458.585703321693,16851.653336856994,46.666666666666664,79.18808675420914,-9.04720736343792,North
1060,Tier 1 - Reliable,False,46,0.13043478260869565,0.24585033421021765,611.0983964413144,28110.526236300466,13744.343644686543,45.69565217391305,80.44208350688396,-6.5144382322464764,North
1896,Tier 1 - Reliable,False,56,0.08928571428571429,0.2456518422202587,239.89182921266993,13433.942435909516,15992.830762565298,51.035714285714285,80.89198461044013,-10.179443960988436,East
1009,Tier 1 - Reliable,False,40,0.1,0.24532669073132907,495.16154701248587,19806.461880499435,19002.194500044214,43.95,78.50516577482756,-11.49483422517244,East
1502,Tier 1 - Reliable,False,45,0.1111111111111111,0.24459721145720484,524.4843629234471,23601.796331555117,17381.069539178403,47.888888888888886,78.59739610929013,-10.291492779598755,North
1467,Tier 1 - Reliable,False,55,0.12727272727272726,0.24416732418226517,583.842172387786,32111.31948132823,19765.64643239846,48.345454545454544,80.63457962327062,-6.638147649456656,South
1167,Tier 1 - Reliable,False,49,0.08163265306122448,0.2424120190017849,308.56616683821335,15119.742175072453,20721.808604516904,49.38775510204081,77.42351585383413,-14.413218840043427,West
1638,Tier 1 - Reliable,False,43,0.09302325581395349,0.2424120190017849,613.6312734255805,26386.14475729996,16964.758428326375,49.651162790697676,79.01463889403321,-11.683035524571451,South
1463,Tier 1 - Reliable,False,56,0.10714285714285714,0.2414773022003396,578.2449276862898,32381.715950432226,15886.185243284232,44.910714285714285,78.53446540726723,-10.751248878447058,North
1905,Tier 1 - Reliable,False,50,0.12,0.24145658419534152,464.1546003601741,23207.730018008704,17324.647277108164,46.5,81.8703400566952,-6.129659943304802,West
1842,Tier 1 - Reliable,False,40,0.1,0.2409472049133493,542.710996894449,21708.439875777956,17928.18345220169,47.25,78.96548510303924,-11.034514896960758,East
1274,Tier 1 - Reliable,False,56,0.125,0.2405626121623441,594.3131610593625,33281.5370193243,20939.768569522752,50.839285714285715,78.53935978310828,-8.960640216891719,North
1007,Tier 1 - Reliable,False,60,0.1,0.23956726220057611,643.3206202949077,38599.23721769446,16029.161339775737,45.05,81.17578289489806,-8.824217105101937,East
1812,Tier 1 - Reliable,False,52,0.1346153846153846,0.23821186251563395,710.6153180150359,36951.996536781866,17585.004361271414,47.32692307692308,80.22750553776794,-6.310956000693608,East
1043,Tier 1 - Reliable,False,55,0.10909090909090909,0.23783483296671312,629.7949119828379,34638.72015905609,19930.115009509344,48.472727272727276,80.18243386616957,-8.908475224739519,East
1026,Tier 1 - Reliable,False,47,0.1276595744680851,0.23769495588768305,558.4830436121047,26248.70304976892,16710.533060855476,52.361702127659576,80.01090255682433,-7.223139996367166,North
1455,Tier 1 - Reliable,False,48,0.10416666666666667,0.23737511503069167,653.1208558114214,31349.801078948225,16374.960278133789,51.958333333333336,79.94093827633579,-9.642395056997557,West
1430,Tier 1 - Reliable,False,53,0.1509433962264151,0.23644708701726286,546.9452050197826,28988.09586604848,17941.241187225787,55.679245283018865,79.18925803449157,-5.716402342866914,West
1761,Tier 1 - Reliable,False,53,0.1320754716981132,0.23588216144649418,655.2468571876882,34728.083430947474,19788.013656757757,48.39622641509434,80.22780832992932,-6.564644500259362,North
1926,Tier 1 - Reliable,False,53,0.11320754716981132,0.2354118077153792,615.2525087854704,32608.38296562993,18526.13441108014,48.45283018867924,80.48413699789607,-8.1951082851228,North
1273,Tier 1 - Reliable,False,60,0.11666666666666667,0.2353803204912954,530.22427892027,31813.4567352162,19035.68679322227,49.93333333333333,79.06339387038894,-9.269939462944393,North
1315,Tier 1 - Reliable,False,64,0.09375,0.23506779824765198,244.16002039175945,15626.241305072605,18428.10065777499,51.625,80.71499311750105,-9.910006882498948,North
1134,Tier 1 - Reliable,False,45,0.1111111111111111,0.23441184789099942,487.12264332203614,21920.518949491627,17584.997098018568,49.977777777777774,80.45949081356203,-8.429398075326858,East
1561,Tier 1 - Reliable,False,46,0.10869565217391304,0.2343006487981388,463.26993843989675,21310.41716823525,20716.06137798051,50.19565217391305,79.46669965135294,-9.663735131255748,East
1308,Tier 1 - Reliable,False,49,0.12244897959183673,0.23422871212836355,658.4639744793049,32264.734749485935,16222.771941476609,48.10204081632653,79.09900411763726,-8.656097923179061,South
1851,Tier 1 - Reliable,False,62,0.11290322580645161,0.23410653816611193,627.8150452995724,38924.53280857349,15632.699671954,49.32258064516129,79.99293905316486,-8.716738366189972,North
1069,Tier 1 - Reliable,False,51,0.0784313725490196,0.23410031111688984,635.5252027207965,32411.785338760623,18023.451185826074,41.549019607843135,80.46247568148978,-11.69438706360826,North
1826,Tier 1 - Reliable,False,58,0.1206896551724138,0.23395215874369443,700.8802147535442,40651.05245570557,14709.330904202403,54.258620689655174,78.7484309408043,-9.182603541954322,South
1759,Tier 1 - Reliable,False,50,0.14,0.233881013353425,582.8612941862616,29143.06470931308,16084.089269279682,50.68,79.3067222434516,-6.693277756548397,West
1829,Tier 1 - Reliable,False,54,0.1111111111111111,0.23319471821205304,561.7203724615091,30332.900112921492,18215.448887673465,47.407407407407405,77.82594951563578,-11.062939373253101,West
1976,Tier 1 - Reliable,False,44,0.06818181818181818,0.23204774044612855,357.60998905360776,15734.839518358742,17371.695584914563,49.36363636363637,76.4601256211873,-16.721692560630885,South
1057,Tier 1 - Reliable,False,48,0.08333333333333333,0.2313406979295224,503.09297615197056,24148.462855294587,15161.051923859379,46.791666666666664,80.9512025375307,-10.715464129135952,South
1136,Tier 1 - Reliable,False,57,0.12280701754385964,0.23113731027731976,482.65818066132863,27511.516297695733,16896.861502735836,53.56140350877193,80.67211394015916,-7.047184305454877,North
1619,Tier 1 - Reliable,False,41,0.0975609756097561,0.2307069775184736,359.6904846286897,14747.309869776278,21087.17580652264,54.048780487804876,80.29307704073331,-9.950825398291087,North
1537,Tier 1 - Reliable,False,56,0.07142857142857142,0.2305213582693748,332.9129216040671,18643.12360982776,18888.021112396615,51.285714285714285,78.35688620997534,-14.500256647167518,North
1366,Tier 1 - Reliable,False,42,0.07142857142857142,0.23041218404669023,227.05111748967397,9536.146934566306,19122.137235314683,47.61904761904762,81.78107177952367,-11.07607107761919,South
1688,Tier 1 - Reliable,False,46,0.10869565217391304,0.22996655275194997,547.8175537382598,25199.607471959953,18241.92061990218,52.34782608695652,79.14978673141432,-9.980648051194365,North
1247,Tier 1 - Reliable,False,51,0.11764705882352941,0.22994252155351955,846.4864104570338,43170.806933308726,18377.006554214342,53.549019607843135,78.85936655001481,-9.375927567632246,North
1313,Tier 1 - Reliable,False,56,0.10714285714285714,0.22994252155351955,473.2712943418607,26503.1924831442,16267.825745804395,50.785714285714285,81.5070752462461,-7.778639039468189,North
1942,Tier 1 - Reliable,False,52,0.09615384615384616,0.2296745752342457,483.8960325499805,25162.593692598984,18980.03181848308,50.88461538461539,80.2205865086606,-10.164028875954784,North
1165,Tier 1 - Reliable,False,61,0.08196721311475409,0.2294845078209115,430.08284473135035,26235.05352861237,18267.132894662976,55.83606557377049,79.3760666937016,-12.427211994822983,South
1001,Tier 1 - Reliable,False,45,0.08888888888888889,0.22920783556427116,562.0575600361335,25292.590201626008,19145.559267134435,51.08888888888889,80.16510660442638,-10.94600450668473,North
1293,Tier 1 - Reliable,False,42,0.07142857142857142,0.22802259097357436,285.1889031963153,11977.933934245244,16036.108851478735,54.69047619047619,77.6201876876355,-15.236955169507368,East
1065,Tier 1 - Reliable,False,51,0.058823529411764705,0.22802259097357433,418.9002509529734,21363.912798601643,17747.814696949008,55.705882352941174,79.06021410760812,-15.057432951215404,South
1544,Tier 1 - Reliable,False,48,0.08333333333333333,0.22730302828309762,498.9297389229044,23948.62746829941,15776.7035408933,53.083333333333336,81.00645594632921,-10.660210720337446,East
1241,Tier 1 - Reliable,False,60,0.06666666666666667,0.2271847336988259,346.8462173877826,20810.773043266956,16589.63638792154,52.733333333333334,78.2653018571861,-15.068031476147226,North
1799,Tier 1 - Reliable,False,55,0.07272727272727272,0.22678997278599505,383.0323599670404,21066.77979818722,16959.759827955608,52.96363636363636,79.79383454231167,-12.933438184961048,East
1044,Tier 1 - Reliable,False,49,0.10204081632653061,0.22598313226516722,283.5264958983214,13892.79829901775,16486.849461379403,49.0,77.25546671017395,-12.540451657172994,West
1864,Tier 1 - Reliable,False,66,0.10606060606060606,0.22592024303362018,651.6737883645019,43010.47003205712,15228.621627544151,46.04545454545455,80.14275216352736,-9.251187230412029,East
1307,Tier 1 - Reliable,False,43,0.09302325581395349,0.2252213082307254,479.39180434289625,20613.847586744538,15788.162845172483,55.48837209302326,79.21177253752423,-11.485901881080437,East
1585,Tier 1 - Reliable,False,57,0.10526315789473684,0.2250301526553427,646.5433655699107,36852.97183748491,16808.106938478435,49.63157894736842,78.37383268600591,-11.099851524520403,East
1451,Tier 1 - Reliable,False,53,0.07547169811320754,0.22502204477544113,144.8667159593139,7677.935945843637,14626.478531138102,49.75471698113208,80.3063877946813,-12.146442393997944,North
1923,Tier 1 - Reliable,False,47,0.0851063829787234,0.22502204477544113,508.50165217230307,23899.577652098244,16875.284496622677,51.08510638297872,79.47904422196824,-12.010317480159415,East
1068,Tier 1 - Reliable,False,60,0.1,0.22473328748774735,643.1003308631538,38586.01985178923,16963.545204803097,48.9,81.06720848006609,-8.932791519933915,North
1254,Tier 1 - Reliable,False,41,0.07317073170731707,0.22419756971151641,217.71142174355984,8926.168291485954,18141.370077233558,48.75609756097561,80.30387183841995,-12.379054990848346,North
1323,Tier 1 - Reliable,False,56,0.08928571428571429,0.2240169690131188,360.04911495098713,20162.75043725528,18928.690191204572,47.714285714285715,78.94394554943612,-12.127483021992447,North
1694,Tier 1 - Reliable,False,59,0.13559322033898305,0.22370744099624437,559.563578306526,33014.251120085035,15762.283904629912,49.66101694915254,80.16370688748728,-6.276971078614423,South
1085,Tier 1 - Reliable,False,50,0.1,0.2234651848176304,461.16643690436007,23058.321845218004,16502.598745042593,43.16,81.08927700228931,-8.910722997710693,South
1353,Tier 1 - Reliable,False,41,0.0975609756097561,0.2234651848176304,455.7728301355519,18686.68603555763,17213.747725859717,53.09756097560975,79.93924189613456,-10.304660542889835,East
1029,Tier 1 - Reliable,False,53,0.11320754716981132,0.22339297336662547,610.5828555164181,32360.89134237016,18448.027765869356,54.660377358490564,79.3480902460609,-9.331155036957966,West
1526,Tier 1 - Reliable,False,49,0.10204081632653061,0.22323577599040387,503.5796146019686,24675.40111549646,18075.48186797807,41.224489795918366,80.98339290225071,-8.812525465096229,West
1016,Tier 1 - Reliable,False,57,0.08771929824561403,0.2226165084488837,428.5494904846496,24427.320957625026,17733.14863375917,43.35087719298246,81.38394041840867,-9.844129757029918,East
1883,Tier 1 - Reliable,False,52,0.11538461538461539,0.22135572719917418,506.86247757840744,26356.848834077187,17798.317487598986,44.5,81.47388255799662,-6.987655903541835,North
1666,Tier 1 - Reliable,False,56,0.07142857142857142,0.2208668298789504,386.0976869535074,21621.470469396412,20219.467258523993,46.160714285714285,79.17668303248304,-13.68045982465982,North
1080,Tier 1 - Reliable,False,60,0.11666666666666667,0.22037063867676338,717.68507930599,43061.104758359405,18450.5970680368,47.916666666666664,78.97634985537357,-9.356983477959758,East
1108,Tier 1 - Reliable,False,59,0.15254237288135594,0.2200521782179817,750.8511343403449,44300.21692608035,17600.9427669045,43.66101694915254,80.52682265605569,-4.218940055808716,North
1663,Tier 1 - Reliable,False,53,0.05660377358490566,0.21984843263788195,348.49625829045846,18470.3016893943,17246.50475717791,49.660377358490564,80.19854278852117,-14.14107985298827,North
1847,Tier 1 - Reliable,False,56,0.10714285714285714,0.21974104030595984,491.7728292792898,27539.278439640228,19032.776173140996,49.32142857142857,81.29565804324272,-7.990056242471567,South
1322,Tier 1 - Reliable,False,62,0.08064516129032258,0.21872244094477258,440.3522630154596,27301.840306958493,19219.518183583386,50.693548387096776,79.32298301762087,-12.612500853346873,South
1243,Tier 1 - Reliable,False,50,0.1,0.21872244094477256,355.82396758432793,17791.198379216396,16251.035743034323,47.76,82.63464301260247,-7.365356987397533,West
1489,Tier 1 - Reliable,False,61,0.08196721311475409,0.21849928028227228,571.38940024458,34854.75341491938,15025.753014050686,47.85245901639344,81.60488076553095,-10.198397922993635,West
1423,Tier 1 - Reliable,False,60,0.1,0.21821789023599233,653.4297179222154,39205.783075332925,17621.59220839777,47.86666666666667,78.79960952286977,-11.200390477130227,East
1686,Tier 1 - Reliable,False,53,0.11320754716981132,0.2169995548084895,465.2231584310982,24656.827396848206,16293.467381485356,47.471698113207545,79.58264308495623,-9.09660219806264,North
1803,Tier 1 - Reliable,False,45,0.08888888888888889,0.21546267021805798,332.662193762763,14969.798719324337,13729.369423778231,43.733333333333334,78.76135185886315,-12.349759252247964,North
1878,Tier 1 - Reliable,False,46,0.06521739130434782,0.2143959152260333,566.6790186484781,26067.234857829993,15970.854803692815,51.73913043478261,78.29339706910821,-15.18486380045701,East
1286,Tier 1 - Reliable,False,54,0.07407407407407407,0.21377306830183918,334.42089863460683,18058.72852626877,16553.070251739144,49.46296296296296,80.5788264068701,-12.013766185722488,North
1251,Tier 1 - Reliable,False,49,0.08163265306122448,0.2130032168075646,465.2790337591041,22798.6726541961,16977.446774553766,46.734693877551024,80.59114474393961,-11.245589949937951,North
1917,Tier 1 - Reliable,False,59,0.1016949152542373,0.21184319396466747,641.0099887423133,37819.58933579649,16956.72418338266,40.66101694915254,80.36311230586895,-9.467396168707324,South
1911,Tier 1 - Reliable,False,58,0.08620689655172414,0.2117436725644881,626.1087452014007,36314.307221681236,20030.22385225724,48.758620689655174,78.8197280409179,-12.559582303909693,North
1224,Tier 1 - Reliable,False,66,0.10606060606060606,0.21124312039443677,528.2436699699406,34864.082218016076,18947.634476057396,47.96969696969697,82.04711834538912,-7.346821048550268,North
1951,Tier 1 - Reliable,False,57,0.08771929824561403,0.2106767839320059,560.5216888119755,31949.736262282608,15944.730171525885,44.666666666666664,81.49585933346503,-9.732210841973554,North
1996,Tier 1 - Reliable,False,55,0.12727272727272726,0.207488791521745,815.1019733718704,44830.60853545287,18305.791731155077,47.21818181818182,78.9728122165287,-8.299915056198586,East
1384,Tier 1 - Reliable,False,43,0.13953488372093023,0.20516826531902319,623.5812670902715,26813.994484881674,16560.14338814282,47.72093023255814,80.41262817634806,-5.633883451558916,North
1545,Tier 1 - Reliable,False,50,0.16,0.20516826531902316,682.3686750284215,34118.43375142108,17478.45018205182,50.7,79.5312422666505,-4.468757733349506,North
1635,Tier 1 - Reliable,False,50,0.14,0.2046677524401167,788.0409244949208,39402.04622474604,18861.886396641756,56.36,78.42170902849004,-7.578290971509958,North
1392,Tier 1 - Reliable,False,48,0.041666666666666664,0.2041241452319315,186.43428419442344,8948.845641332326,17426.674989269508,48.270833333333336,80.0851865951112,-15.748146738222147,North
1092,Tier 1 - Reliable,False,48,0.08333333333333333,0.20331251519761107,328.2005143360296,15753.624688129421,19489.072112003763,46.0625,80.26870046721172,-11.397966199454942,East
1117,Tier 1 - Reliable,False,57,0.05263157894736842,0.194303584411542,222.9760132849099,12709.632757239864,18129.091049080627,47.8421052631579,79.95726596737218,-14.779576137890984,West
1909,Tier 1 - Reliable,False,43,0.11627906976744186,0.19293061504650375,538.3892079580842,23150.735942197618,19124.97382113042,42.093023255813954,77.71049820135842,-10.661594821897395,North
1661,Tier 1 - Reliable,False,55,0.09090909090909091,0.18991676089375598,488.5701812351476,26871.359967933116,17060.373770731134,56.21818181818182,79.43588514490976,-11.473205764181145,North
1230,Tier 1 - Reliable,False,46,0.13043478260869565,0.1895789306335779,646.6147719222566,29744.279508423806,18413.47344442546,49.82608695652174,80.54177350423623,-6.414748234894205,East
1784,Tier 1 - Reliable,False,64,0.109375,0.18944025905197845,425.1017487999077,27206.51192319409,18138.708865524626,44.734375,79.62218720352445,-9.440312796475553,West
1820,Tier 1 - Reliable,False,40,0.1,0.18790540587870685,437.11667243783995,17484.666897513598,17991.07054940173,56.95,78.07440754215254,-11.925592457847458,East
1198,Tier 1 - Reliable,False,48,0.125,0.1874336434232826,815.0911425917424,39124.37484440363,18024.561450370787,40.0,79.83733983799694,-7.662660162003064,South
1552,Tier 1 - Reliable,False,46,0.10869565217391304,0.18425693279752223,203.89110750521618,9378.990945239944,18193.91377446145,55.82608695652174,80.20821239869403,-8.922222383914658,North
1618,Tier 1 - Reliable,False,50,0.1,0.18276952471779515,453.8004567247169,22690.022836235847,18143.99741443673,45.98,80.61491867655906,-9.385081323440943,North
1901,Tier 1 - Reliable,False,53,0.11320754716981132,0.18207077701719568,844.7769584275006,44773.178796657536,13827.85609383013,51.43396226415094,80.16530894158029,-8.51393634143858,West
1245,Tier 1 - Reliable,False,42,0.14285714285714285,0.1816828500675229,656.2885490778935,27564.11906127153,17731.899128340265,43.45238095238095,79.7117077892708,-6.0025779250149185,West
1532,Tier 1 - Reliable,False,54,0.1111111111111111,0.17929321612283677,738.6776202597089,39888.59149402428,18140.380690834212,51.22222222222222,78.97536297320478,-9.913525915684104,West
1675,Tier 1 - Reliable,False,53,0.11320754716981132,0.17848322336546843,924.6564726631565,49006.793051147295,19299.91798564553,53.924528301886795,80.46937971087063,-8.209865572148246,West
1018,Tier 1 - Reliable,False,47,0.1276595744680851,0.1774771764147383,638.0028361574012,29986.133299397858,15862.012525091981,47.87234042553192,80.83011387616334,-6.403928677028162,North
1750,Tier 1 - Reliable,False,55,0.09090909090909091,0.1754656015858991,485.3634427799994,26694.989352899967,17085.884923018722,45.58181818181818,80.77900450336242,-10.130086405728491,East
1345,Tier 1 - Reliable,False,45,0.13333333333333333,0.17525625882756515,722.8021504497216,32526.096770237473,20914.56548829415,53.24444444444445,81.01981186063655,-5.64685480603012,West
1261,Tier 1 - Reliable,False,45,0.1111111111111111,0.17523104632115988,841.2871735111886,37857.92280800349,20380.887074224633,58.62222222222222,79.61684113981194,-9.272047749076947,North
1281,Tier 1 - Reliable,False,56,0.14285714285714285,0.1749440284931529,666.2252529740068,37308.61416654438,19445.06501967035,50.267857142857146,79.4944929931663,-6.219792721119418,West
1206,Tier 1 - Reliable,False,46,0.08695652173913043,0.1740051084818425,471.3573784366296,21682.43940808496,20940.99823133362,51.67391304347826,81.76347216588785,-9.54087566019912,West
1647,Tier 1 - Reliable,False,58,0.08620689655172414,0.1740051084818425,464.1144463774835,26918.637889894042,18541.354945272076,55.672413793103445,77.27341478063107,-14.105895564196516,South
1320,Tier 1 - Reliable,False,56,0.10714285714285714,0.17251638983558856,699.4648970162974,39170.03423291266,17778.02188682731,55.80357142857143,76.95401795868493,-12.331696327029363,North
1360,Tier 1 - Reliable,False,61,0.09836065573770492,0.17251638983558856,593.4228600735423,36198.79446448608,17056.90621764893,51.967213114754095,80.28757071764005,-9.876363708589452,West
1751,Tier 1 - Reliable,False,38,0.10526315789473684,0.17174793884455933,1020.1018422054848,38763.87000380842,17150.028267149304,51.44736842105263,80.21919107683505,-9.25449313369127,North
1153,Tier 1 - Reliable,False,55,0.07272727272727272,0.1710950153379819,355.38373180342876,19546.105249188582,19023.36262619474,50.90909090909091,78.10347208048339,-14.623800646789334,North
1121,Tier 1 - Reliable,False,51,0.11764705882352941,0.16872080712934437,673.5943997359811,34353.314386535036,19354.600728730293,44.96078431372549,79.80126361009411,-8.434030507552947,East
1867,Tier 1 - Reliable,False,44,0.09090909090909091,0.1683203806850875,528.2540064165659,23243.176282328895,17522.285528786415,48.36363636363637,80.7093887781196,-10.199702130971303,West
1538,Tier 1 - Reliable,False,66,0.10606060606060606,0.1680023109979103,515.2988015934884,34009.72090517024,17185.862601363042,42.63636363636363,77.37101756164967,-12.022921832289725,East
1930,Tier 1 - Reliable,False,44,0.06818181818181818,0.16583123951776998,349.037247643501,15357.638896314045,13659.608910199586,48.97727272727273,78.74242019509072,-14.43939798672747,North
1924,Tier 1 - Reliable,False,44,0.09090909090909091,0.16567163289800083,515.7217241067045,22691.755860695,18458.42754057006,54.34090909090909,79.45320756883429,-11.45588334025662,West
1535,Tier 1 - Reliable,False,40,0.125,0.16379162757137455,690.8327772596338,27633.311090385352,16625.62800348784,41.0,78.85721019772919,-8.642789802270812,West
1178,Tier 1 - Reliable,False,43,0.11627906976744186,0.1630155639013468,605.0972103074633,26019.180043220924,17307.935711759834,50.04651162790697,79.9036876228284,-8.468405400427415,North
1487,Tier 1 - Reliable,False,39,0.07692307692307693,0.1629062968042105,317.43006857217443,12379.772674314803,17864.882659397932,44.12820512820513,78.93742984127246,-13.370262466419845,East
1925,Tier 1 - Reliable,False,45,0.08888888888888889,0.16238460537998123,441.87919755536376,19884.56388999137,18475.016236783762,50.48888888888889,79.1262913004552,-11.984819810655921,West
1628,Tier 1 - Reliable,False,50,0.08,0.16172150801252796,360.15892574718134,18007.946287359067,18094.698734954978,47.18,82.18231730848133,-9.81768269151867,North
1517,Tier 1 - Reliable,False,51,0.11764705882352941,0.1617149799452458,661.2135714435053,33721.892143618774,18884.43629375947,46.529411764705884,80.65223599878047,-7.583058118866589,North
1713,Tier 1 - Reliable,False,54,0.09259259259259259,0.1614289421106699,624.4518174948648,33720.3981447227,18652.110771269094,49.51851851851852,80.80283273812191,-9.93790800261884,North
1753,Tier 1 - Reliable,False,46,0.10869565217391304,0.15957118462605635,588.2242656742424,27058.31622101515,18108.99754883864,50.0,81.98010389766898,-7.150330884939706,South
1030,Tier 1 - Reliable,False,57,0.10526315789473684,0.15679073101855653,486.7351239564157,27743.902065515693,18238.522325814938,55.08771929824562,80.49624221918492,-8.977441991341394,West
1684,Tier 1 - Reliable,False,47,0.1276595744680851,0.15590239111558088,762.4878758555578,35836.93016521122,17452.88286052203,44.42553191489362,79.32772522589083,-7.90631732730067,West
1367,Tier 1 - Reliable,False,42,0.07142857142857142,0.15577028907989846,494.2080245612797,20756.737031573746,20498.3974581052,39.833333333333336,80.537005057571,-12.320137799571867,East
1388,Tier 1 - Reliable,False,38,0.07894736842105263,0.15577028907989846,379.5346368003768,14422.316198414319,15562.119043976942,54.26315789473684,78.26408261119086,-13.841180546703882,West
1511,Tier 1 - Reliable,False,54,0.07407407407407407,0.15465943304527224,394.9985642703704,21329.922470600002,19824.074817508554,42.31481481481482,79.35744526251126,-13.235147330081332,North
1624,Tier 1 - Reliable,False,50,0.1,0.1533755464416687,719.6757239864623,35983.78619932312,19618.234374831314,48.36,77.48234263055569,-12.517657369444308,West
1853,Tier 1 - Reliable,False,39,0.07692307692307693,0.15280522370951413,363.94956963137207,14194.03321562351,18270.265954149778,47.51282051282051,78.55457868149222,-13.75311362620009,North
1073,Tier 1 - Reliable,False,69,0.10144927536231885,0.15093005716185945,722.7134284112453,49867.22656037593,17366.428485184762,45.18840579710145,79.52763525458583,-10.327437209182278,East
1013,Tier 1 - Reliable,False,49,0.10204081632653061,0.14805909004082246,641.3974900422844,31428.477012071933,15899.134715212585,47.83673469387755,79.86824677993869,-9.927671587408256,East
1048,Tier 1 - Reliable,False,51,0.0784313725490196,0.1472873854605212,538.0528289715251,27440.694277547776,17976.4887325334,55.72549019607843,79.26557171181292,-12.891291033285114,East
1572,Tier 1 - Reliable,False,52,0.07692307692307693,0.14707989526386303,403.21285508429315,20967.068464383243,16748.987498930936,51.11538461538461,79.1711614552952,-13.136530852397101,East
1248,Tier 1 - Reliable,False,43,0.09302325581395349,0.14589801878044117,381.97142679022187,16424.77135197954,17883.824665824057,50.46511627906977,79.66942355335627,-11.028250865248395,West
1132,Tier 1 - Reliable,False,57,0.08771929824561403,0.14544949486180953,467.4539829243075,26644.877026685528,16733.16977811161,50.01754385964912,79.23707392263488,-11.990996252803711,North
1823,Tier 1 - Reliable,False,59,0.0847457627118644,0.14481080649270006,441.8534920091504,26069.356028539874,15877.143047343461,50.52542372881356,79.06792042463596,-12.457503304177607,North
1566,Tier 1 - Reliable,False,58,0.06896551724137931,0.14316882282102128,485.38902052518887,28152.563190460955,17997.392140075048,49.06896551724138,78.94381442629391,-14.159633849568152,North
1623,Tier 1 - Reliable,False,57,0.07017543859649122,0.14241554321370128,395.36295845140796,22535.688631730252,16759.52632723042,53.98245614035088,79.06558382494075,-13.916872315410131,North
1795,Tier 1 - Reliable,False,47,0.0851063829787234,0.13867504905630726,480.34695071987323,22576.306683834042,20506.59157960225,47.829787234042556,78.05720581221749,-13.432155889910163,South
1608,Tier 1 - Reliable,False,58,0.06896551724137931,0.13771534860493695,381.3931955229368,22120.805340330335,17269.448836297164,49.03448275862069,78.89252399675634,-14.210924279105726,East
1075,Tier 1 - Reliable,False,47,0.06382978723404255,0.13699100113341164,290.6716847382733,13661.569182698846,18610.892905946082,45.95744680851064,78.15127978265728,-15.465741493938467,North
1641,Tier 1 - Reliable,False,49,0.061224489795918366,0.13699100113341164,391.6893700405718,19192.77913198802,18541.07857087163,44.08163265306123,82.00697853994443,-11.870572480463736,East
1163,Tier 1 - Reliable,False,53,0.07547169811320754,0.1284546141229531,320.05711443025183,16963.027064803347,14629.935558257801,51.0,78.87242514541346,-13.580405043265785,North
1948,Tier 1 - Reliable,False,60,0.06666666666666667,0.12222999198302739,519.1826130564966,31150.956783389796,17283.360260665075,54.7,80.5182299686498,-12.815103364683523,North
1194,Tier 1 - Reliable,False,52,0.07692307692307693,0.12067133096608186,394.0301700677993,20489.568843525565,17166.599662799934,54.98076923076923,80.49652384595905,-11.81116846173326,West
1456,Tier 1 - Reliable,False,41,0.04878048780487805,0.120176668126541,325.16906838968265,13331.931803976988,17994.305987599168,48.146341463414636,79.3442121479458,-15.777739071566401,East
1899,Tier 1 - Reliable,False,50,0.06,0.11889871640141773,339.4519793987494,16972.59896993747,15323.623014669649,47.46,82.62651839866504,-11.373481601334959,South
1137,Tier 1 - Reliable,False,36,0.027777777777777776,0.10910894511799618,227.33483527929158,8184.054070054497,14648.043071268039,50.361111111111114,79.42092351356888,-17.801298708653334,North
1394,Tier 1 - Reliable,False,49,0.04081632653061224,0.10786387432600121,246.29997720079652,12068.69888283903,15277.795446732747,43.87755102040816,79.68264892368622,-16.23571842325255,West
1035,Tier 1 - Reliable,False,35,0.08571428571428572,0.10529361157912771,635.3850043887397,22238.47515360589,15893.615066421564,49.457142857142856,80.50228218149539,-10.926289247076042,North
1997,Tier 1 - Reliable,False,40,0.025,0.10425720702853739,232.49931811643427,9299.972724657371,19546.96884900848,46.85,79.81437764880803,-17.685622351191967,South
1514,Tier 1 - Reliable,False,51,0.0392156862745098,0.08596023825918792,227.08173314335863,11581.16839031129,16474.59627972207,50.27450980392157,79.00063830162436,-17.077793070924656,North
1334,Tier 1 - Reliable,False,48,0.0625,0.0856838494930304,283.67889060386034,13616.586748985295,16826.018893442382,55.895833333333336,79.35636959598814,-14.393630404011859,East
1506,Tier 1 - Reliable,False,43,0.023255813953488372,0.06950480468569159,224.7375944281465,9663.7165604103,16729.260474394967,48.97674418604651,79.9147260667588,-17.75969253789235,East
1966,Tier 1 - Reliable,False,42,0.047619047619047616,0.05957554687344993,203.03260311065955,8527.369330647702,16944.990436993743,46.19047619047619,80.72385367316757,-14.514241564927659,South
1128,Tier 1 - Reliable,False,64,0.03125,0.05840659251540945,147.2091856323126,9421.387880468006,19103.647522324023,53.21875,80.9214988321948,-15.9535011678052,North
1985,Tier 2 - Stable Moderate Risk,True,36,0.16666666666666666,0.39520940802374144,895.7938206237906,32248.57754245646,15612.113007415268,45.388888888888886,82.34397819828129,-0.9893551350520511,East
1052,Tier 2 - Stable Moderate Risk,True,55,0.16363636363636364,0.3810003810005715,988.251260097677,54353.819305372235,15922.042492772764,44.836363636363636,81.56697362337404,-2.069390012989601,East
1182,Tier 2 - Stable Moderate Risk,True,52,0.15384615384615385,0.3807718852645482,934.690904494647,48603.927033721644,17595.669590527374,53.94230769230769,80.44641605897162,-4.168968556412992,North
1472,Tier 2 - Stable Moderate Risk,True,35,0.14285714285714285,0.37859388972001823,529.2229491546304,18522.803220412065,20735.02972818426,63.6,80.65334895915889,-5.060936755126832,North
1418,Tier 2 - Stable Moderate Risk,True,49,0.16326530612244897,0.3775305039571906,657.2300575167676,32204.272818321613,17910.94658003148,48.42857142857143,81.02905554961333,-2.644413838141773,West
1365,Tier 2 - Stable Moderate Risk,True,41,0.1951219512195122,0.3714815951007203,948.9931098331094,38908.71750315749,16018.558957990372,46.926829268292686,83.13633639217039,2.6485315141216006,South
1442,Tier 2 - Stable Moderate Risk,False,50,0.14,0.37039191532776594,661.930886237923,33096.54431189615,19844.89179595321,46.14,81.72816479538396,-4.271835204616039,North
1669,Tier 2 - Stable Moderate Risk,False,35,0.14285714285714285,0.3651483716701107,765.5152623765457,26793.0341831791,17254.526689772567,55.02857142857143,81.27416081415542,-4.4401249001303,North
1269,Tier 2 - Stable Moderate Risk,False,43,0.18604651162790697,0.3649067915102428,643.2116078452677,27658.099137346515,18891.71876512096,52.2093023255814,81.24054088268603,-0.1548079545232639,South
1303,Tier 2 - Stable Moderate Risk,False,50,0.14,0.3640372895022544,923.62539246586,46181.269623293,14886.746552540115,59.78,80.02680331270528,-5.973196687294717,South
1508,Tier 2 - Stable Moderate Risk,False,52,0.15384615384615385,0.36389848123388324,969.8566360322736,50432.54507367823,20516.22577422729,47.34615384615385,80.5635169897257,-4.051867625658915,East
1682,Tier 2 - Stable Moderate Risk,False,44,0.1590909090909091,0.3611575592573076,903.4374526917967,39751.247918439054,17572.364403043946,49.40909090909091,81.235939461352,-2.8549696295570897,South
1380,Tier 2 - Stable Moderate Risk,False,53,0.1509433962264151,0.3600794175579238,874.6781339395889,46357.94109879821,16063.755339714387,45.320754716981135,81.10896082056989,-3.796699556788596,East
1349,Tier 2 - Stable Moderate Risk,False,46,0.15217391304347827,0.35919770114206906,840.3909795822634,38657.985060784114,18007.365820201627,48.30434782608695,80.80020034766912,-3.9824083479830534,North
1861,Tier 2 - Stable Moderate Risk,False,39,0.1282051282051282,0.357029908734864,932.0371193180522,36349.44765340404,14555.06607228017,51.17948717948718,81.8260188021617,-5.353468377325484,South
1354,Tier 2 - Stable Moderate Risk,False,51,0.19607843137254902,0.35603549281175173,961.1470496637047,49018.49953284894,17105.920365766717,47.294117647058826,83.09614472666003,2.703987863914932,South
1088,Tier 2 - Stable Moderate Risk,False,42,0.16666666666666666,0.35339323049871635,742.5467286798647,31186.96260455432,18403.010347987863,52.142857142857146,80.3400151237241,-2.9933182096092423,East
1605,Tier 2 - Stable Moderate Risk,False,54,0.16666666666666666,0.35246189961611957,766.8296704274244,41408.802203080915,17840.497934496245,42.48148148148148,81.97963525813553,-1.353698075197812,North
1333,Tier 2 - Stable Moderate Risk,False,36,0.1388888888888889,0.3517632353407242,656.4250134567325,23631.30048444237,19098.93264572862,42.861111111111114,82.37757558963247,-3.733535521478643,North
1554,Tier 2 - Stable Moderate Risk,False,41,0.14634146341463414,0.3514509731972083,805.1288423310506,33010.282535573075,17601.38782784603,58.0,80.08880451409907,-5.2770491444375125,East
1662,Tier 2 - Stable Moderate Risk,False,44,0.13636363636363635,0.3509820590815169,494.2906394284093,21748.78813485001,17369.551115340193,52.70454545454545,79.70980114048736,-6.653835223149002,East
1411,Tier 2 - Stable Moderate Risk,False,55,0.16363636363636364,0.3494242345751176,917.0887721156365,50439.88246636001,17243.42933949776,54.36363636363637,81.58046153331868,-2.055902103044957,West
1525,Tier 2 - Stable Moderate Risk,False,53,0.16981132075471697,0.345617987180795,779.7117776452393,41324.72421519768,14215.745854009716,52.58490566037736,80.7511181512981,-2.267749773230207,North
1744,Tier 2 - Stable Moderate Risk,False,45,0.2,0.3446683859832466,621.3472262185829,27960.625179836232,19302.272722153888,47.022222222222226,81.08709969881379,1.0870996988137875,North
1937,Tier 2 - Stable Moderate Risk,False,53,0.16981132075471697,0.34320323649182205,790.5319292766715,41898.19225166359,19178.25125877314,51.60377358490566,81.41348442531117,-1.6053834992171403,East
1076,Tier 2 - Stable Moderate Risk,False,56,0.14285714285714285,0.34156502553198664,798.89909114855,44738.349104318804,19055.978280777057,53.17857142857143,81.00995002000012,-4.704335694285604,North
1664,Tier 2 - Stable Moderate Risk,False,60,0.11666666666666667,0.34139008824751194,570.5355107930172,34232.130647581034,18919.366780339056,49.016666666666666,80.19337510321503,-8.139958230118296,South
1559,Tier 2 - Stable Moderate Risk,False,40,0.175,0.339934634239519,959.9954956201755,38399.81982480702,17583.946737022277,53.75,80.5124114668811,-1.9875885331188954,East
1331,Tier 2 - Stable Moderate Risk,False,38,0.13157894736842105,0.3399346342395189,625.0009927224634,23750.037723453606,16795.429657859833,47.86842105263158,80.57437053477699,-6.2677347283809155,West
1082,Tier 2 - Stable Moderate Risk,False,47,0.19148936170212766,0.3392582406459036,767.0039768348931,36049.18691123998,18157.513609280748,55.787234042553195,79.7733118713466,-1.0777519584406292,East
1702,Tier 2 - Stable Moderate Risk,False,50,0.16,0.33787688256508297,930.2868460714228,46514.34230357114,15567.86973704066,46.08,80.86852336319102,-3.1314766368089835,North
1699,Tier 2 - Stable Moderate Risk,False,57,0.14035087719298245,0.3377174743796483,688.9846038816701,39272.1224212552,17587.18514691327,53.92982456140351,79.59781091922036,-6.367101361481389,East
1695,Tier 2 - Stable Moderate Risk,False,56,0.19642857142857142,0.33678765702728164,795.3039719543689,44537.02242944466,18023.792311671314,48.982142857142854,80.64540307920092,0.28826022205805657,North
1657,Tier 2 - Stable Moderate Risk,False,52,0.19230769230769232,0.3352775810825615,1072.75367509538,55783.191104959755,13846.49221092372,55.84615384615385,82.93335799509215,2.164127225861378,North
1668,Tier 2 - Stable Moderate Risk,False,48,0.125,0.3349320635285418,526.3191301231495,25263.318245911178,16299.734881434706,49.75,80.1277640119701,-7.3722359880298995,South
1790,Tier 2 - Stable Moderate Risk,False,53,0.11320754716981132,0.33487298740787264,677.2220787953305,35892.77017615252,17021.38530467952,57.320754716981135,79.1428063939056,-9.53643888911327,South
1195,Tier 2 - Stable Moderate Risk,False,48,0.10416666666666667,0.334421301411269,493.7694774634567,23700.934918245923,17550.851747585544,48.208333333333336,80.94116458854846,-8.642168744784883,East
1947,Tier 2 - Stable Moderate Risk,False,41,0.12195121951219512,0.334421301411269,604.9746411176486,24803.960285823592,19223.7358843293,48.0,80.37739808311845,-7.4274799656620445,South
1732,Tier 2 - Stable Moderate Risk,False,50,0.18,0.3343788717380113,1097.7406215564642,54887.031077823216,18486.997212911792,52.72,82.14061884253084,0.14061884253084145,West
1111,Tier 2 - Stable Moderate Risk,False,50,0.14,0.333718912795187,928.8379072495883,46441.895362479416,17594.578638372837,49.42,81.14952230607176,-4.850477693928241,North
1778,Tier 2 - Stable Moderate Risk,False,46,0.15217391304347827,0.33360565798969155,1003.0010285518995,46138.047313387375,15243.64444931209,49.869565217391305,80.42630314722533,-4.356305548426846,South
1999,Tier 2 - Stable Moderate Risk,False,45,0.15555555555555556,0.33360565798969155,786.1414237751889,35376.3640698835,15440.398991747563,50.4,82.83440362572554,-1.6100408187189004,East
1813,Tier 2 - Stable Moderate Risk,False,55,0.14545454545454545,0.3333974297349128,692.3041881288483,38076.73034708665,19145.80212583568,52.18181818181818,79.71689846909047,-5.737646985454987,North
1034,Tier 2 - Stable Moderate Risk,False,51,0.1568627450980392,0.3333950560138611,894.0852566365904,45598.34808846611,14163.322528089668,54.13725490196079,81.44815711995851,-2.8655683702375683,North
1952,Tier 2 - Stable Moderate Risk,False,49,0.16326530612244897,0.3333333333333333,820.9375444543233,40225.93967826184,19266.46101895874,55.224489795918366,80.24892115080193,-3.4245482369531715,South
1350,Tier 2 - Stable Moderate Risk,False,46,0.15217391304347827,0.3331922778473325,752.3855141549483,34609.73365112762,16629.432996464864,55.76086956521739,79.16124239741198,-5.62136629824019,North
1992,Tier 2 - Stable Moderate Risk,False,54,0.18518518518518517,0.3327221408149836,737.6157184493723,39831.2487962661,15469.971492960849,50.31481481481482,80.84158315382393,-0.639898327657562,South
1620,Tier 2 - Stable Moderate Risk,False,47,0.1702127659574468,0.3315228610630154,650.9952524312115,30596.77686426694,19221.34310136334,50.91489361702128,83.4135182465363,0.4347948422809793,North
1175,Tier 2 - Stable Moderate Risk,False,51,0.1568627450980392,0.3314408839918824,876.2819001387662,44690.37690707708,15012.1746774304,48.88235294117647,80.16777276871568,-4.145952721480398,East
1407,Tier 2 - Stable Moderate Risk,False,55,0.10909090909090909,0.3300098870839967,763.5773776391113,41996.755770151125,17917.249650716298,58.29090909090909,80.524118467472,-8.5667906234371,East
1733,Tier 2 - Stable Moderate Risk,False,50,0.14,0.32920264919416004,701.8778291455438,35093.89145727719,18114.702772829354,48.7,80.60756671218793,-5.392433287812068,North
1840,Tier 2 - Stable Moderate Risk,False,53,0.1509433962264151,0.32893650002157443,807.431552894336,42793.87230339981,16453.167034496277,45.339622641509436,81.24545051437632,-3.660209862982171,North
1665,Tier 2 - Stable Moderate Risk,False,51,0.13725490196078433,0.32837027706770544,903.0690308911497,46056.52057544864,15515.760394593477,53.509803921568626,80.1949609213839,-6.079548882537679,South
1625,Tier 2 - Stable Moderate Risk,False,50,0.1,0.32596012026013244,611.7107382577026,30585.53691288513,16837.613568417975,38.04,82.6185308269767,-7.381469173023305,North
1049,Tier 2 - Stable Moderate Risk,False,57,0.12280701754385964,0.3253350763096328,742.7464646751986,42336.54848648632,17514.943854643974,63.68421052631579,81.15504282332773,-6.564255422286308,West
1886,Tier 2 - Stable Moderate Risk,False,58,0.1206896551724138,0.32527829018332405,936.0831215212492,54292.82104823245,19418.89572656428,53.5,79.67630231305974,-8.254732169698883,South
1497,Tier 2 - Stable Moderate Risk,False,48,0.16666666666666666,0.32421104437288506,667.1857405835628,32024.915548011017,17322.891418317686,47.645833333333336,80.51081741083081,-2.8225159225025322,East
1071,Tier 2 - Stable Moderate Risk,False,55,0.12727272727272726,0.3241721383154157,728.4135243040361,40062.74383672198,19763.38919053772,51.54545454545455,79.7390752948901,-7.533651977837181,North
1767,Tier 2 - Stable Moderate Risk,False,64,0.15625,0.32397051802860727,423.4690989902503,27102.02233537602,16278.132274495969,54.78125,80.84694964609643,-3.5280503539035664,North
1228,Tier 2 - Stable Moderate Risk,False,48,0.125,0.3236438943814179,607.0846466127772,29140.063037413303,18020.062935798,58.604166666666664,81.1356141535672,-6.364385846432796,North
1242,Tier 2 - Stable Moderate Risk,False,40,0.15,0.3231674944007046,946.4770753389066,37859.083013556265,18375.12546877753,49.175,82.15855167982151,-2.841448320178486,West
1047,Tier 2 - Stable Moderate Risk,False,44,0.1590909090909091,0.3227486121839514,814.5231401997182,35839.0181687876,17817.130065984933,50.06818181818182,80.5010676448526,-3.5898414460564965,South
1304,Tier 2 - Stable Moderate Risk,False,36,0.1388888888888889,0.3226461360384301,748.5482996305848,26947.73878670105,17164.162202690946,52.888888888888886,79.68006888777506,-6.43104222333605,East
1105,Tier 2 - Stable Moderate Risk,False,48,0.10416666666666667,0.3226205119160818,741.5531202558344,35594.54977228005,18877.278005511533,60.104166666666664,79.99110961465698,-9.592223718676365,North
1970,Tier 2 - Stable Moderate Risk,False,64,0.109375,0.32251115945309755,603.6863445801112,38635.926053127114,16728.220335283157,57.9375,80.2817362518654,-8.780763748134603,North
1264,Tier 2 - Stable Moderate Risk,False,47,0.1276595744680851,0.31952927759724364,629.4693690012181,29585.06034305725,17183.68743081607,54.319148936170215,82.68640839950959,-4.547634153681912,West
1781,Tier 2 - Stable Moderate Risk,False,53,0.1320754716981132,0.3179125289578504,947.0348574241747,50192.84744348126,17589.180509978283,46.509433962264154,80.88668017239408,-5.9057726577946,North
1130,Tier 2 - Stable Moderate Risk,False,55,0.18181818181818182,0.31788935157809756,1088.2581161736487,59854.19638955068,17394.41756299858,49.70909090909091,81.50838540955456,-0.3097964086272498,South
1943,Tier 2 - Stable Moderate Risk,False,57,0.14035087719298245,0.31764139740857184,619.308598661904,35300.59012372853,18954.745986839524,52.56140350877193,80.79831990560874,-5.166592375093018,East
1988,Tier 2 - Stable Moderate Risk,False,62,0.16129032258064516,0.31764139740857184,1075.3216125192394,66669.93997619284,14795.900524973988,55.903225806451616,80.34434892806362,-3.5266188138718633,North
1162,Tier 2 - Stable Moderate Risk,False,57,0.12280701754385964,0.3172650449098117,529.0610190471699,30156.478085688683,17370.778261915824,50.0,80.63171693356139,-7.087581312052649,North
1011,Tier 2 - Stable Moderate Risk,False,55,0.12727272727272726,0.3171031937459334,719.8314483253292,39590.729657893105,17191.88655244799,54.945454545454545,79.32680897912543,-7.945918293601849,South
1460,Tier 2 - Stable Moderate Risk,False,39,0.1282051282051282,0.3166837543806128,427.42794242173505,16669.689754447667,17415.72232153256,51.92307692307692,81.7000869987281,-5.479400180759086,West
1839,Tier 2 - Stable Moderate Risk,False,49,0.14285714285714285,0.3159022612820737,762.6846788971075,37371.54926595827,19758.492699848503,41.93877551020408,82.41407163713116,-3.300214077154564,West
1351,Tier 2 - Stable Moderate Risk,False,52,0.17307692307692307,0.31403576186410814,959.9865346029384,49919.2997993528,17115.273878902477,50.88461538461539,80.34965900412286,-2.3426486881848376,North
1898,Tier 2 - Stable Moderate Risk,False,52,0.19230769230769232,0.31403576186410814,1031.5399130201267,53640.075477046594,19071.68567186327,53.40384615384615,81.84278754196026,1.0735567727294892,West
1381,Tier 2 - Stable Moderate Risk,False,36,0.1388888888888889,0.31391873716771596,586.9721126367915,21130.996054924493,21630.914660448725,53.27777777777778,80.84218206552497,-5.268929045586148,South
1858,Tier 2 - Stable Moderate Risk,False,46,0.13043478260869565,0.313581462037113,429.0505838669601,19736.326857880165,18005.053607078935,52.130434782608695,80.16174759028613,-6.794774148844311,North
1906,Tier 2 - Stable Moderate Risk,False,41,0.17073170731707318,0.31269116536181524,815.0484226791245,33416.98532984411,11903.412460952419,50.53658536585366,82.35841009650063,-0.5684191717920442,West
1900,Tier 2 - Stable Moderate Risk,False,60,0.18333333333333332,0.31259919060716385,841.6134813757961,50496.80888254777,16137.003819847103,58.3,81.3317954403697,-0.3348712262969684,North
1768,Tier 2 - Stable Moderate Risk,False,49,0.12244897959183673,0.3123674687038809,834.4825384497731,40889.64438403888,16565.963835514984,53.673469387755105,80.41514538890347,-7.339956651912857,North
1994,Tier 2 - Stable Moderate Risk,False,38,0.13157894736842105,0.3122981011719752,810.7415847881143,30808.180221948343,15384.826575701447,54.73684210526316,81.55904457764532,-5.283060685512581,West
1051,Tier 2 - Stable Moderate Risk,False,38,0.18421052631578946,0.3122498999199199,633.8556772466275,24086.515735371842,16106.877430262522,54.28947368421053,79.92673353730011,-1.652213831120946,East
1177,Tier 2 - Stable Moderate Risk,False,48,0.14583333333333334,0.3122498999199199,936.4726079553606,44950.685181857305,19060.983738644925,57.791666666666664,81.68756945864733,-3.7290972080193256,North
1435,Tier 2 - Stable Moderate Risk,False,49,0.16326530612244897,0.31221695000161787,955.9837864973741,46843.20553837133,17188.394603149085,52.816326530612244,79.79121653054865,-3.8822528572064527,East
1226,Tier 2 - Stable Moderate Risk,False,57,0.14035087719298245,0.3109298159188829,833.2438518162879,47494.89955352841,15765.15726158939,54.666666666666664,79.5744704194332,-6.390441861268556,North
1893,Tier 2 - Stable Moderate Risk,False,44,0.11363636363636363,0.3107385421193219,728.6065800106988,32058.689520470747,17073.852753755913,57.29545454545455,80.68728932967502,-7.949074306688615,North
1540,Tier 2 - Stable Moderate Risk,False,40,0.15,0.3091969708752319,750.7495322592422,30029.981290369687,16007.485037982853,45.775,80.58050818195181,-4.419491818048186,South
1654,Tier 2 - Stable Moderate Risk,False,50,0.14,0.30778132615437337,897.550247857778,44877.5123928889,18207.629813756535,44.02,81.22322564644054,-4.7767743535594605,West
1417,Tier 2 - Stable Moderate Risk,False,49,0.12244897959183673,0.3077697552103232,1032.1158407001758,50573.67619430862,17403.60596431469,49.44897959183673,80.88337396717263,-6.871728073643695,West
1655,Tier 2 - Stable Moderate Risk,False,47,0.1276595744680851,0.3077697552103231,628.7461110726119,29551.067220412762,18254.632893664533,52.61702127659574,82.34166781651061,-4.8923747366808925,North
1112,Tier 2 - Stable Moderate Risk,False,52,0.19230769230769232,0.3071102904880054,943.5478005349444,49064.48562781711,19524.24600651296,50.69230769230769,81.24682059774659,0.47758982851581777,South
1536,Tier 2 - Stable Moderate Risk,False,45,0.13333333333333333,0.3068658773253662,706.4685469871657,31791.08461442246,17092.17773964846,50.022222222222226,81.9079479060024,-4.758718760664266,North
1895,Tier 2 - Stable Moderate Risk,False,42,0.14285714285714285,0.3065968204433277,940.3064824005731,39492.87226082407,16716.372838559775,49.357142857142854,82.86184245262811,-2.852443261657612,South
1046,Tier 2 - Stable Moderate Risk,False,44,0.13636363636363635,0.30618621784789724,709.1698995093254,31203.475578410318,19810.094156366933,52.86363636363637,83.01109919921359,-3.3525371644227704,North
1601,Tier 2 - Stable Moderate Risk,False,46,0.13043478260869565,0.3056104474190282,968.7661091862453,44563.24102256729,18442.22182872896,50.93478260869565,80.08943061106184,-6.867091128068594,North
1342,Tier 2 - Stable Moderate Risk,False,55,0.14545454545454545,0.3034112795503894,558.064583028421,30693.552066563156,17181.548584467495,51.10909090909091,80.85362526065434,-4.600920193891113,South
1890,Tier 2 - Stable Moderate Risk,False,53,0.18867924528301888,0.3028723558364807,1033.837584419482,54793.39197423255,16477.71406464202,49.24528301886792,81.46719404207113,0.3351185703730124,East
1648,Tier 2 - Stable Moderate Risk,False,42,0.16666666666666666,0.302284160448943,535.0175077011534,22470.73532344844,19431.349372111737,61.642857142857146,79.40257334878117,-3.930759984552168,North
1885,Tier 2 - Stable Moderate Risk,False,49,0.14285714285714285,0.3021468766059564,864.5965365134132,42365.23028915725,17174.548544837904,49.3469387755102,80.71245736536635,-5.001828348919375,North
1135,Tier 2 - Stable Moderate Risk,False,52,0.15384615384615385,0.30210898905832195,625.3618519808738,32518.816303005435,15534.856765287648,52.67307692307692,80.23765266530238,-4.377731950082236,North
1805,Tier 2 - Stable Moderate Risk,False,46,0.10869565217391304,0.3019169524121595,609.8468122811868,28052.95336493459,19151.249455590507,44.78260869565217,80.86250606901527,-8.26792871359342,South
1921,Tier 2 - Stable Moderate Risk,False,50,0.16,0.30184617127124724,828.2741613284192,41413.70806642096,17220.393360804148,50.86,80.40712614288996,-3.5928738571100354,East
1426,Tier 2 - Stable Moderate Risk,False,43,0.13953488372093023,0.3016927551641214,692.6941273806192,29785.847477366624,15759.03871727589,45.604651162790695,80.61433638023705,-5.432175247669932,West
1758,Tier 2 - Stable Moderate Risk,False,45,0.13333333333333333,0.3016927551641214,809.0332012673036,36406.49405702866,18224.550314054926,55.55555555555556,80.15979492167735,-6.506871744989326,East
1468,Tier 2 - Stable Moderate Risk,False,59,0.15254237288135594,0.30138795877866564,938.5941080791534,55377.05237667005,16578.826370853058,46.83050847457627,82.09604591722746,-2.6497167946369444,North
1027,Tier 2 - Stable Moderate Risk,False,54,0.14814814814814814,0.30089031128281335,695.8853055064252,37577.80649734696,16186.8976482703,57.351851851851855,79.22707219568504,-5.958112989500151,West
1808,Tier 2 - Stable Moderate Risk,False,57,0.15789473684210525,0.3006459829345367,804.4455009866296,45853.39355623788,20187.611736554034,46.228070175438596,80.94106537870807,-3.2694609370813907,East
1155,Tier 2 - Stable Moderate Risk,False,50,0.14,0.30064598293453665,703.9929748305024,35199.64874152512,15030.022473807647,55.44,79.42243287373834,-6.5775671262616555,North
1201,Tier 2 - Stable Moderate Risk,False,46,0.10869565217391304,0.3004626062886658,571.4775483527236,26287.967224225285,15447.970913957242,49.26086956521739,81.5034723803654,-7.626962402243294,North
1707,Tier 2 - Stable Moderate Risk,False,44,0.11363636363636363,0.3004626062886658,597.2357961959333,26278.375032621065,17310.793077720762,59.25,80.69763187816255,-7.938731758201087,West
1962,Tier 2 - Stable Moderate Risk,False,55,0.16363636363636364,0.29964136269306874,725.3220600655485,39892.71330360517,18073.472069328127,49.58181818181818,80.2595171913981,-3.376846444965537,East
1156,Tier 2 - Stable Moderate Risk,False,46,0.17391304347826086,0.2995900344012164,992.6912917817906,45663.799421962365,19104.970298647262,42.65217391304348,81.39677898358941,-1.211916668584493,West
1283,Tier 2 - Stable Moderate Risk,False,50,0.16,0.29930805503282737,842.1445586189268,42107.22793094634,17685.26840883454,53.04,81.06146094310418,-2.93853905689582,East
1719,Tier 2 - Stable Moderate Risk,False,55,0.16363636363636364,0.2991561716728749,943.6539426106618,51900.9668435864,15488.713402385809,43.72727272727273,81.98378321977279,-1.652580416590851,South
1819,Tier 2 - Stable Moderate Risk,False,55,0.16363636363636364,0.2990932291366362,794.6262958909437,43704.4462740019,17856.404429762955,50.36363636363637,81.00542677375192,-2.630936862611719,East
1216,Tier 2 - Stable Moderate Risk,False,52,0.1346153846153846,0.29763668378081354,513.4108747132208,26697.36548508748,17243.946060369817,51.09615384615385,79.94853766448429,-6.589923873977256,North
1077,Tier 2 - Stable Moderate Risk,False,65,0.13846153846153847,0.2972441535934158,779.5294829723533,50669.41639320296,20424.79858203957,47.10769230769231,80.42521027768204,-5.72863587616412,West
1612,Tier 2 - Stable Moderate Risk,False,43,0.13953488372093023,0.2969934817552874,656.0422344797495,28209.81608262923,15706.605113129293,47.906976744186046,81.1200971135457,-4.926414514361284,North
1181,Tier 2 - Stable Moderate Risk,False,38,0.10526315789473684,0.2968399049092589,567.8699204399927,21579.056976719723,19232.30293547163,60.6578947368421,81.2625275274032,-8.211156683123122,East
1362,Tier 2 - Stable Moderate Risk,False,68,0.11764705882352941,0.29681889454179244,665.0961039513181,45226.535068689634,19191.52204484552,53.44117647058823,80.79288908486775,-7.442405032779305,East
1574,Tier 2 - Stable Moderate Risk,False,48,0.16666666666666666,0.29629117695007656,856.1033909382818,41092.962765037526,15834.29385292045,49.770833333333336,80.010780468214,-3.3225528651193486,East
1800,Tier 2 - Stable Moderate Risk,False,48,0.14583333333333334,0.2962911769500765,517.5233317825124,24841.119925560593,18935.573687042368,47.583333333333336,80.70254588429768,-4.71412078236898,North
1671,Tier 2 - Stable Moderate Risk,False,60,0.16666666666666666,0.2958733697092725,846.8136765095497,50808.820590572985,17246.432456978902,52.266666666666666,79.86959918632714,-3.463734147006207,East
1445,Tier 2 - Stable Moderate Risk,False,51,0.1568627450980392,0.2956548943929108,936.3102968262303,47751.82513813775,17049.019825225278,51.64705882352941,80.62541493937158,-3.6883105508244967,South
1174,Tier 2 - Stable Moderate Risk,False,44,0.11363636363636363,0.29555105709577045,558.774137966401,24586.062070521642,16245.85049480205,51.25,80.7595439749923,-7.876819661371343,East
1560,Tier 2 - Stable Moderate Risk,False,43,0.11627906976744186,0.29555105709577045,675.9206162315998,29064.58649795879,17499.81215042417,58.83720930232558,80.89685889128344,-7.475234131972371,East
1005,Tier 2 - Stable Moderate Risk,False,46,0.13043478260869565,0.2952798180373507,685.0892363554025,31514.104872348515,15347.941861112233,51.67391304347826,81.35359484382175,-5.602926895308684,South
1409,Tier 2 - Stable Moderate Risk,False,53,0.11320754716981132,0.2952798180373507,564.8348787338118,29936.24857289203,16526.715118970278,54.0377358490566,80.0374896902833,-8.641755592735578,North
1737,Tier 2 - Stable Moderate Risk,False,46,0.13043478260869565,0.2952798180373507,780.0501012205193,35882.30465614389,17636.915064856068,55.369565217391305,82.44344010911439,-4.513081630016046,North
1101,Tier 2 - Stable Moderate Risk,False,52,0.1346153846153846,0.29515736792445835,742.8777468684361,38629.64283715868,18430.819966578427,52.90384615384615,81.17126073475725,-5.367200803704293,West
1493,Tier 2 - Stable Moderate Risk,False,53,0.16981132075471697,0.29502040105226124,964.1210792578629,51098.417200666736,18319.51697258035,53.15094339622642,82.31027679897042,-0.7085911255578878,North
1547,Tier 2 - Stable Moderate Risk,False,39,0.10256410256410256,0.29488391230979427,912.8394682078334,35600.7392601055,19325.31344125929,51.58974358974359,80.4075564045519,-9.336033339037854,South
1670,Tier 2 - Stable Moderate Risk,False,50,0.16,0.29481784668505795,799.42964630779,39971.4823153895,17312.76881626171,54.78,80.37075130904091,-3.6292486909590878,South
1278,Tier 2 - Stable Moderate Risk,False,48,0.16666666666666666,0.2946278254943948,1097.8496520130104,52696.783296624504,16605.708284061566,51.020833333333336,80.42181592194498,-2.9115174113883597,West
1438,Tier 2 - Stable Moderate Risk,False,56,0.14285714285714285,0.2945407305054018,719.9864202560126,40319.2395343367,17860.957076386047,53.732142857142854,79.53162653774316,-6.182659176542558,North
1120,Tier 2 - Stable Moderate Risk,False,45,0.17777777777777778,0.29426906526993,684.1190900266747,30785.35905120036,18451.494151476214,52.4,79.86589933227796,-2.356322889944252,West
1710,Tier 2 - Stable Moderate Risk,False,45,0.2,0.29410693982707653,851.4028074310025,38313.126334395114,17910.09686935555,55.577777777777776,79.63203765418899,-0.3679623458110086,West
1539,Tier 2 - Stable Moderate Risk,False,57,0.14035087719298245,0.2933925401759676,931.0750835957144,53071.279764955725,17789.70875865806,50.35087719298246,80.10607515254253,-5.858837128159223,West
1961,Tier 2 - Stable Moderate Risk,False,48,0.16666666666666666,0.2933363183313207,862.0362859676248,41377.741726445995,16846.41974237757,50.25,81.49244157698375,-1.840891756349592,North
1433,Tier 2 - Stable Moderate Risk,False,62,0.1935483870967742,0.29252944587256335,902.6683775128954,55965.439405799516,18300.02470143926,50.33870967741935,80.31667521922517,-0.3284860710974016,West
1870,Tier 2 - Stable Moderate Risk,False,49,0.14285714285714285,0.29248799024594724,613.5898582065843,30065.90305212263,14640.87499365659,44.224489795918366,83.27183150183728,-2.442454212448439,West
1229,Tier 2 - Stable Moderate Risk,False,53,0.1509433962264151,0.29239515976373953,547.6109610211686,29023.380934121935,17207.061882785234,54.264150943396224,81.78739443383863,-3.1182659435198588,North
1180,Tier 2 - Stable Moderate Risk,False,48,0.1875,0.2920427241789278,848.0318675071861,40705.52964034493,16114.341130848858,50.583333333333336,80.96576774575264,-0.28423225424735676,West
1292,Tier 2 - Stable Moderate Risk,False,49,0.14285714285714285,0.29198022759770714,583.0964301208651,28571.725075922386,16901.427570906006,49.61224489795919,79.94025854763521,-5.774027166650512,South
1376,Tier 2 - Stable Moderate Risk,False,49,0.14285714285714285,0.2917399626411523,504.8509646709099,24737.697268874585,20448.016728777373,51.30612244897959,81.668579104486,-4.045706609799723,West
1986,Tier 2 - Stable Moderate Risk,False,47,0.14893617021276595,0.29144714300136715,278.46308537541273,13087.765012644399,16997.9114664531,49.91489361702128,81.72262917652311,-3.383753802200289,East
1187,Tier 2 - Stable Moderate Risk,False,52,0.15384615384615385,0.2907579794188943,756.9685184805911,39362.36296099074,19073.04848418002,47.46153846153846,80.40096812788458,-4.214416487500031,West
1319,Tier 2 - Stable Moderate Risk,False,53,0.1509433962264151,0.2907165785301177,419.13352712781153,22214.07693777401,16257.934465232836,49.22641509433962,80.2057855264213,-4.699874850937192,South
1873,Tier 2 - Stable Moderate Risk,False,42,0.16666666666666666,0.28997574592345526,978.1604768466228,41082.74002755816,17914.150992050392,53.07142857142857,80.28951421949559,-3.043819113837756,North
1288,Tier 2 - Stable Moderate Risk,False,51,0.13725490196078433,0.2892828142416709,941.4855669725924,48015.76391560221,19198.51292307601,52.372549019607845,80.1700348962765,-6.10447490764507,North
1564,Tier 2 - Stable Moderate Risk,False,55,0.10909090909090909,0.2883194041644336,563.6261784760541,30999.439816182974,16463.645113463273,47.41818181818182,80.88059029910879,-8.210318791800304,North
1621,Tier 2 - Stable Moderate Risk,False,48,0.14583333333333334,0.2872892642063479,638.3225666665168,30639.483199992806,17072.044701742183,49.708333333333336,80.49634089184708,-4.920325774819574,North
1814,Tier 2 - Stable Moderate Risk,False,47,0.10638297872340426,0.28637489766140817,464.3298100966078,21823.501074540567,16702.65714809173,50.723404255319146,81.18621455022412,-8.175487577435447,North
1515,Tier 2 - Stable Moderate Risk,False,49,0.12244897959183673,0.2861971906026191,797.4809257165132,39076.56536010915,20363.642942925286,51.673469387755105,80.85571551762415,-6.899386523192177,East
1958,Tier 2 - Stable Moderate Risk,False,51,0.13725490196078433,0.28604583937233247,722.19437278137,36831.91301184987,17667.25844839842,51.88235294117647,80.96087752108815,-5.313632282833424,North
1838,Tier 2 - Stable Moderate Risk,False,52,0.15384615384615385,0.28601311685025843,737.2222315883719,38335.55604259534,18538.098111233146,53.96153846153846,80.648925775863,-3.966458839521607,East
1578,Tier 2 - Stable Moderate Risk,False,52,0.1346153846153846,0.28574307691098005,570.5778149543129,29670.046377624272,16738.831259759816,49.05769230769231,80.78661028942423,-5.7518512490373155,North
1817,Tier 2 - Stable Moderate Risk,False,57,0.14035087719298245,0.2846007290150682,467.22382902364984,26631.758254348042,17425.526154589617,49.175438596491226,82.52280419675056,-3.4421080839511973,South
1722,Tier 2 - Stable Moderate Risk,False,50,0.12,0.2841603885779677,711.1806123018157,35559.030615090785,17508.749458062564,61.44,80.25110483853287,-7.748895161467132,East
1258,Tier 2 - Stable Moderate Risk,False,47,0.1276595744680851,0.2840158879896368,859.0955328118131,40377.490042155216,15724.965544401619,53.234042553191486,79.84267719387294,-7.391365359318556,North
1611,Tier 2 - Stable Moderate Risk,False,51,0.13725490196078433,0.2838351588030316,1067.3030816392948,54432.45716360403,17840.42836442041,49.86274509803921,80.33958986425374,-5.934919939667836,North
1449,Tier 2 - Stable Moderate Risk,False,39,0.10256410256410256,0.28352180759972484,456.52524837133245,17804.484686481966,15840.384079714297,50.56410256410256,81.93430253062796,-7.809287212961792,East
1849,Tier 2 - Stable Moderate Risk,False,62,0.14516129032258066,0.28331891543477516,978.7509821094728,60682.56089078732,18458.506153487884,48.67741935483871,81.74606383520084,-3.737807132541093,North
1490,Tier 2 - Stable Moderate Risk,False,62,0.14516129032258066,0.2831646134801445,633.6439281858763,39285.92354752433,16361.868645214941,52.95161290322581,79.33894098379804,-6.1449299839438964,North
1325,Tier 2 - Stable Moderate Risk,False,57,0.15789473684210525,0.2829381776036578,662.9798334635756,37789.850507423806,16994.039608131134,51.56140350877193,81.81792449785773,-2.392601817931734,West
1549,Tier 2 - Stable Moderate Risk,False,53,0.11320754716981132,0.2824745378155113,710.3605610969482,37649.10973813826,16061.66112517109,52.867924528301884,80.22829084315724,-8.450954439861633,North
1698,Tier 2 - Stable Moderate Risk,False,52,0.11538461538461539,0.28226399192684565,557.3298153407991,28981.15039772155,16525.86660013493,58.13461538461539,79.50550890950662,-8.956029552031836,East
1287,Tier 2 - Stable Moderate Risk,False,65,0.18461538461538463,0.282200454950366,814.5865543498572,52948.12603274072,20228.560450293655,48.33846153846154,80.76783790367358,-0.7706236347879525,West
1276,Tier 2 - Stable Moderate Risk,False,46,0.1956521739130435,0.2820821403078874,1043.4793186881282,48000.0486596539,18966.214159803367,52.391304347826086,81.67286572361158,1.2380831149159235,South
1250,Tier 2 - Stable Moderate Risk,False,41,0.0975609756097561,0.28173814958564003,789.7481552568806,32379.674365532104,19252.918454665192,52.0,81.81310390014781,-8.430798538876587,North
1705,Tier 2 - Stable Moderate Risk,False,60,0.16666666666666666,0.28171565629485706,1089.9971969754813,65399.83181852888,19396.831111808875,50.95,80.1298729444931,-3.2034603888402415,East
1794,Tier 2 - Stable Moderate Risk,False,57,0.10526315789473684,0.2816160650614797,479.5150744185402,27332.359241856793,16914.86024020705,55.92982456140351,80.66680859742743,-8.806875613098882,East
1708,Tier 2 - Stable Moderate Risk,False,58,0.10344827586206896,0.2801689198607047,608.9391315826676,35318.469631794724,17845.47571345126,54.55172413793103,80.98617109266178,-8.669001321131333,North
1480,Tier 2 - Stable Moderate Risk,False,44,0.09090909090909091,0.2796461522055145,600.4509671997645,26419.842556789637,16080.54720120123,59.20454545454545,79.63220764467746,-11.276883264413442,North
1094,Tier 2 - Stable Moderate Risk,False,41,0.17073170731707318,0.2792421717366317,921.2140214705337,37769.77488029188,16420.56249169652,49.926829268292686,80.77523450161429,-2.151594766678386,North
1643,Tier 2 - Stable Moderate Risk,False,61,0.13114754098360656,0.27919439345803165,843.5809516258631,51458.438049177654,16236.369659077605,51.31147540983606,81.98579939990886,-4.8994465017304805,South
1186,Tier 2 - Stable Moderate Risk,False,60,0.11666666666666667,0.2788936847395414,727.5045610411034,43650.27366246621,17485.854091155867,48.56666666666667,80.74301235270673,-7.5903209806266005,East
1980,Tier 2 - Stable Moderate Risk,False,54,0.12962962962962962,0.27838821814150105,768.2142880594353,41483.571555209506,17472.483963362512,49.074074074074076,81.18717160260657,-5.84986543443047,South
1627,Tier 2 - Stable Moderate Risk,False,50,0.18,0.2782166055044031,907.8614156422218,45393.07078211109,17000.56678545142,57.7,79.86251539656377,-2.137484603436235,North
1507,Tier 2 - Stable Moderate Risk,False,49,0.12244897959183673,0.27782737652431677,670.0784971113815,32833.84635845769,18127.584673051424,47.51020408163265,80.63669325550619,-7.118408785310137,West
1701,Tier 2 - Stable Moderate Risk,False,55,0.14545454545454545,0.27752793909560447,667.0478798955401,36687.633394254706,16916.152161860693,50.763636363636365,81.08200186847728,-4.372543586068176,North
1482,Tier 2 - Stable Moderate Risk,False,61,0.11475409836065574,0.2769389042643823,528.6458614847787,32247.3975505715,15244.183112499895,42.01639344262295,81.83487016068472,-6.689720003249704,East
1145,Tier 2 - Stable Moderate Risk,False,45,0.17777777777777778,0.2757474106144018,714.1949302338362,32138.77186052263,14312.060963224429,58.48888888888889,82.1192165053791,-0.10300571684311421,East
1147,Tier 2 - Stable Moderate Risk,False,57,0.12280701754385964,0.2754365622491559,421.17068184286745,24006.728865043446,17893.06341346682,56.49122807017544,80.51013966308442,-7.209158582529625,East
1185,Tier 2 - Stable Moderate Risk,False,54,0.1111111111111111,0.2754306972098739,592.8299435723352,32012.816952906098,15340.268009536621,51.55555555555556,80.56012459423303,-8.328764294655855,North
1129,Tier 2 - Stable Moderate Risk,False,59,0.2033898305084746,0.2753086845612971,1007.8603171799956,59463.75871361974,16717.891173909007,47.88135593220339,81.98539486634002,2.3243779171874763,South
1311,Tier 2 - Stable Moderate Risk,False,47,0.14893617021276595,0.27456258919345766,793.9500412290279,37315.65193776431,18226.191783967788,47.97872340425532,81.00230695417787,-4.1040760245455346,East
1728,Tier 2 - Stable Moderate Risk,False,60,0.16666666666666666,0.2744332707083538,921.5479150324347,55292.87490194608,16912.559720385758,57.63333333333333,80.6298883711846,-2.703444962148737,East
1176,Tier 2 - Stable Moderate Risk,False,56,0.17857142857142858,0.2743516305843672,920.4419508037479,51544.74924500988,17663.168073104334,53.607142857142854,82.08954312281601,-0.053314020041128174,South
1113,Tier 2 - Stable Moderate Risk,False,53,0.1320754716981132,0.2739924069759229,785.4471345925481,41628.69813340505,20534.255859892288,52.84905660377358,80.65277127779096,-6.139681552397718,West
1118,Tier 2 - Stable Moderate Risk,False,65,0.12307692307692308,0.2737249140183641,391.39175933504134,25440.464356777687,18985.295949020558,48.07692307692308,81.87934369786831,-5.812963994439386,East
1653,Tier 2 - Stable Moderate Risk,False,54,0.1111111111111111,0.2690396267176821,461.6441162916995,24928.782279751773,18422.099719752852,50.7962962962963,81.20837259434958,-7.680516294539302,West
1434,Tier 2 - Stable Moderate Risk,False,53,0.16981132075471697,0.26888954479783567,679.4629282727897,36011.53519845785,17480.05745215986,49.60377358490566,80.43579874125176,-2.5830691832765496,East
1697,Tier 2 - Stable Moderate Risk,False,59,0.15254237288135594,0.2678513113093371,964.5878785737415,56910.68483585075,17014.915717837514,50.0,81.49199389733081,-3.2537688145335864,North
1190,Tier 2 - Stable Moderate Risk,False,48,0.125,0.2676912683239332,518.7228268933173,24898.69569087923,17773.57002047865,50.5,81.02047502739443,-6.479524972605574,North
1326,Tier 2 - Stable Moderate Risk,False,60,0.13333333333333333,0.2671808039709852,571.6464093939414,34298.78456363649,18044.790064717545,55.8,81.47567603229787,-5.190990634368802,North
1138,Tier 2 - Stable Moderate Risk,False,62,0.14516129032258066,0.2657851810242762,850.0096675490074,52700.59938803846,18797.671660150176,47.774193548387096,80.51571312304092,-4.968157844701011,East
1408,Tier 2 - Stable Moderate Risk,False,49,0.20408163265306123,0.26562295750848713,1077.3524329461509,52790.26921436139,16909.065682415607,47.183673469387756,82.39203408308126,2.8001973483873854,North
1979,Tier 2 - Stable Moderate Risk,False,58,0.15517241379310345,0.2653144132755284,772.0702149186691,44780.07246528281,17121.177561819528,53.51724137931034,80.95782267077999,-3.5249359499096613,North
1852,Tier 2 - Stable Moderate Risk,False,48,0.125,0.2642512478733734,804.6589341021822,38623.62883690475,15978.503519360316,47.6875,81.04571619610694,-6.4542838038930626,West
1244,Tier 2 - Stable Moderate Risk,False,57,0.15789473684210525,0.2640953933933612,889.366209647909,50693.873949930814,16754.629201848795,53.43859649122807,79.35183581990991,-4.858690495879557,East
1528,Tier 2 - Stable Moderate Risk,False,45,0.17777777777777778,0.2640953933933612,884.1281898159136,39785.76854171611,17141.476123418932,55.0,81.11102133718492,-1.1112008850372916,South
1613,Tier 2 - Stable Moderate Risk,False,47,0.19148936170212766,0.2640106931367269,1137.7065237911374,53472.20661818346,17696.84001613282,59.744680851063826,81.36665550071456,0.5155916709273214,East
1012,Tier 2 - Stable Moderate Risk,False,50,0.16,0.26389826044237974,1064.5963043177242,53229.81521588621,18600.71384738964,47.84,80.56695997987126,-3.433040020128743,North
1491,Tier 2 - Stable Moderate Risk,False,59,0.1864406779661017,0.26353869278627706,1038.0719763495026,61246.246604620654,17038.24700790317,51.33898305084746,80.28126710895485,-1.074665094434991,North
1302,Tier 2 - Stable Moderate Risk,False,43,0.13953488372093023,0.26352313834736496,580.5286404305651,24962.7315385143,16070.954698194008,49.41860465116279,79.90998908785036,-6.1365225400566175,East
1907,Tier 2 - Stable Moderate Risk,False,59,0.1864406779661017,0.2632679924379223,765.5168631216773,45165.49492417896,18299.210553831665,60.13559322033898,81.6576989232169,0.3017667198270573,North
1133,Tier 2 - Stable Moderate Risk,False,48,0.16666666666666666,0.26299556396765833,934.1550937474194,44839.44449987613,18559.55348891659,50.9375,80.9766052834082,-2.356728049925138,East
1633,Tier 2 - Stable Moderate Risk,False,50,0.18,0.26154128957747025,1134.0780217341583,56703.90108670791,19450.257140048518,47.96,80.36174052814918,-1.6382594718508159,East
1518,Tier 2 - Stable Moderate Risk,False,44,0.18181818181818182,0.26116111541561504,778.1973522615331,34240.68349950745,18998.164818367386,53.90909090909091,80.16039006690009,-1.6577917512817208,West
1470,Tier 2 - Stable Moderate Risk,False,54,0.16666666666666666,0.26037599299223463,1044.6011551720048,56408.462379288256,19425.190440032646,48.94444444444444,80.30347833178331,-3.0298550015500325,North
1501,Tier 2 - Stable Moderate Risk,False,43,0.13953488372093023,0.2599663981755224,886.6969333205967,38127.96813278566,18729.86909322221,58.04651162790697,81.62961901327263,-4.4168926146343495,North
1477,Tier 2 - Stable Moderate Risk,False,45,0.15555555555555556,0.25945777567669503,750.445164088177,33770.03238396796,18263.856718290197,52.37777777777778,79.36235202694782,-5.082092417496625,East
1356,Tier 2 - Stable Moderate Risk,False,57,0.14035087719298245,0.25933581114978727,955.1267493065562,54442.2247104737,16828.253933048763,47.85964912280702,80.37270751983044,-5.5922047608713115,North
1616,Tier 2 - Stable Moderate Risk,False,49,0.14285714285714285,0.25933581114978727,890.2779757217004,43623.62081036332,18488.733554960785,49.36734693877551,79.94270269373538,-5.771583020550338,East
1884,Tier 2 - Stable Moderate Risk,False,45,0.1111111111111111,0.25919095603593356,376.21555254642203,16929.69986458899,17016.812327215746,52.68888888888889,81.99422934730345,-6.89465954158544,North
1324,Tier 2 - Stable Moderate Risk,False,61,0.13114754098360656,0.25867012846192966,734.8768395050353,44827.48720980715,18669.48243853808,55.39344262295082,79.15167232938879,-7.733573572250549,West
1439,Tier 2 - Stable Moderate Risk,False,54,0.16666666666666666,0.25799469921324814,723.3068406016114,39058.569392487014,18658.943081108842,47.18518518518518,80.60911701450166,-2.7242163188316795,East
1492,Tier 2 - Stable Moderate Risk,False,45,0.15555555555555556,0.25752369834122857,790.7497972066565,35583.74087429954,19548.933839474954,57.51111111111111,80.11099335753136,-4.333451086913087,South
1650,Tier 2 - Stable Moderate Risk,False,57,0.14035087719298245,0.25720389995846904,864.4465740023371,49273.45471813322,17981.645662793897,47.14035087719298,80.37741674699767,-5.587495533704086,South
1589,Tier 2 - Stable Moderate Risk,False,59,0.13559322033898305,0.2565987370923611,655.2525826813156,38659.90237819762,17288.352179054284,46.49152542372882,80.61526973087932,-5.825408235222383,North
1125,Tier 2 - Stable Moderate Risk,False,47,0.1276595744680851,0.25567320467935195,759.6138797171269,35701.85234670497,15399.119708318984,46.851063829787236,80.35916495423702,-6.874877598954484,North
1569,Tier 2 - Stable Moderate Risk,False,50,0.14,0.2555571039219785,716.4621733385214,35823.10866692607,16149.60038255407,47.98,80.96444067386533,-5.035559326134674,East
1723,Tier 2 - Stable Moderate Risk,False,54,0.12962962962962962,0.2554817722668119,736.1413660826533,39751.63376846328,15608.618880465125,47.351851851851855,81.97604859361982,-5.060988443417216,North
1300,Tier 2 - Stable Moderate Risk,False,58,0.1206896551724138,0.2548547308562718,746.9344355007829,43322.19725904541,17906.560538294438,52.810344827586206,80.44101751491077,-7.4900169678478505,South
1154,Tier 2 - Stable Moderate Risk,False,45,0.1111111111111111,0.25448868885202575,831.589381471369,37421.52216621161,19109.757710455393,44.6,81.75531605437136,-7.133572834517523,North
1024,Tier 2 - Stable Moderate Risk,False,51,0.13725490196078433,0.254381887970697,1041.197215251534,53101.05797782824,19556.699793261043,52.568627450980394,81.84075736709947,-4.433752436822104,South
1692,Tier 2 - Stable Moderate Risk,False,43,0.13953488372093023,0.25420179026534356,975.6707972505292,41953.844281772755,16106.696064619458,49.372093023255815,83.04555915621877,-3.0009524716882083,North
1159,Tier 2 - Stable Moderate Risk,False,57,0.15789473684210525,0.25376495959693757,856.7162846778407,48832.82822663692,17759.852027293353,49.578947368421055,80.7103606958053,-3.500165619984159,North
1140,Tier 2 - Stable Moderate Risk,False,63,0.15873015873015872,0.2537000413906983,968.9908193789622,61046.42162087462,18301.40355155862,55.79365079365079,80.93500878932575,-3.191975337658377,South
1680,Tier 2 - Stable Moderate Risk,False,51,0.1568627450980392,0.25362958983891787,775.7538886105045,39563.44831913573,17882.09989970183,46.80392156862745,80.732515487189,-3.5812100030070724,North
1811,Tier 2 - Stable Moderate Risk,False,49,0.12244897959183673,0.25273433457811756,713.8870215860385,34980.464057715886,16577.378439103206,54.89795918367347,80.04704203866623,-7.708060002150091,North
1711,Tier 2 - Stable Moderate Risk,False,53,0.1509433962264151,0.2524669206007205,1051.5894052672948,55734.238479166626,18168.223368485007,47.867924528301884,81.62579124603748,-3.279869131321007,North
1632,Tier 2 - Stable Moderate Risk,False,44,0.11363636363636363,0.2519369409638495,681.5847937695199,29989.73092585888,17843.902934194375,47.59090909090909,81.7471398396197,-6.889223796743934,West
1386,Tier 2 - Stable Moderate Risk,False,65,0.12307692307692308,0.2518521137085952,708.4361064049285,46048.346916320355,17645.215636086177,41.723076923076924,81.59999519227541,-6.092312500032278,North
1897,Tier 2 - Stable Moderate Risk,False,57,0.14035087719298245,0.25175749088193494,702.470638077175,40040.82637039897,17250.92785988527,54.228070175438596,79.94280215455291,-6.022110126148846,East
1990,Tier 2 - Stable Moderate Risk,False,54,0.14814814814814814,0.25175749088193494,870.1257550681971,46986.790773682646,17009.044649438543,48.592592592592595,79.9080411792027,-5.277144005982493,South
1074,Tier 2 - Stable Moderate Risk,False,66,0.15151515151515152,0.25127878072178245,966.6211461215927,63796.99564402512,16296.465697439497,49.34848484848485,79.89143146440159,-4.9570533840832525,North
1636,Tier 2 - Stable Moderate Risk,False,43,0.13953488372093023,0.2511724643300034,1022.8360536504199,43981.95030696806,18230.06694096374,54.95348837209303,80.44370100262138,-5.602810625285599,North
1149,Tier 2 - Stable Moderate Risk,False,55,0.18181818181818182,0.25041472624693667,817.0099400053828,44935.54670029605,17772.12046169006,51.38181818181818,80.94369524407925,-0.874486574102562,East
1972,Tier 2 - Stable Moderate Risk,False,54,0.18518518518518517,0.2503764181066306,923.3985901243957,49863.52386671737,17310.27792464233,50.03703703703704,80.42362891658983,-1.057852564891661,South
1296,Tier 2 - Stable Moderate Risk,False,43,0.09302325581395349,0.2499450971773329,556.0142381607235,23908.61224091111,18717.14161155039,50.97674418604651,81.81960258073738,-8.878071837867282,South
1774,Tier 2 - Stable Moderate Risk,False,55,0.14545454545454545,0.24983026531404395,776.3858004276747,42701.219023522106,15656.944471567593,46.981818181818184,81.15945845726422,-4.295086997281231,East
1020,Tier 2 - Stable Moderate Risk,False,67,0.16417910447761194,0.24955156914570267,1056.4226066516962,70780.31464566365,17949.171239391857,52.507462686567166,79.95104599580345,-3.631043556435344,East
1227,Tier 2 - Stable Moderate Risk,False,54,0.14814814814814814,0.24949223797864772,690.0049244924444,37260.265922592,16252.695807754411,49.05555555555556,80.96562168481016,-4.219563500375031,East
1987,Tier 2 - Stable Moderate Risk,False,54,0.14814814814814814,0.2494438257849294,799.7756237275503,43187.88368128771,16525.72416213703,53.833333333333336,82.93028573347154,-2.254899451713655,North
1755,Tier 2 - Stable Moderate Risk,False,48,0.10416666666666667,0.24918671131105105,718.5068428812493,34488.32845829997,22297.383979512622,49.979166666666664,82.79253298020244,-6.790800353130905,West
1114,Tier 2 - Stable Moderate Risk,False,55,0.16363636363636364,0.2487035349082559,721.6335252522132,39689.84388887173,18869.173566766272,43.54545454545455,80.8911519805401,-2.745211655823539,West
1050,Tier 2 - Stable Moderate Risk,False,53,0.1320754716981132,0.24789204352614602,748.6694213902633,39679.47933368396,18029.85222667508,49.056603773584904,80.74761501838675,-6.044837811801926,East
1527,Tier 2 - Stable Moderate Risk,False,55,0.18181818181818182,0.24773191188097593,830.5563426187542,45680.59884403148,18307.731934195654,50.472727272727276,80.69735223153135,-1.1208295866504585,South
1832,Tier 2 - Stable Moderate Risk,False,59,0.13559322033898305,0.24689428936987745,708.5336544557795,41803.48561289099,17109.79383173121,52.79661016949152,80.3429236512349,-6.097754314866805,South
1361,Tier 2 - Stable Moderate Risk,False,43,0.11627906976744186,0.24605143881170563,394.41480592261155,16959.836654672297,16084.934279513336,53.97674418604651,81.2038313799235,-7.168261643332315,North
1318,Tier 2 - Stable Moderate Risk,False,39,0.10256410256410256,0.24573281299943517,505.57682507378513,19717.49617787762,18498.486965829175,60.12820512820513,81.77420791727945,-7.969381826310297,North
1696,Tier 2 - Stable Moderate Risk,False,43,0.11627906976744186,0.2453266907313291,529.1662217642316,22754.14753586196,19867.7316178302,50.48837209302326,82.3930627594449,-5.9790302638109125,South
1946,Tier 2 - Stable Moderate Risk,False,52,0.09615384615384616,0.245246030959058,579.1861928637131,30117.682028913085,14832.636903296147,54.40384615384615,81.66925577651274,-8.715359608102645,North
1272,Tier 2 - Stable Moderate Risk,False,61,0.13114754098360656,0.2452170910526527,744.0717423434542,45388.3762829507,16238.863005464995,53.032786885245905,80.11127439839292,-6.773971503246415,East
1573,Tier 2 - Stable Moderate Risk,False,56,0.17857142857142858,0.2449489742783178,1050.2954927268115,58816.54759270145,17931.83479150422,49.839285714285715,80.08981921842532,-2.0530379244318198,North
1639,Tier 2 - Stable Moderate Risk,False,50,0.18,0.24330786659850917,962.7366061051284,48136.83030525642,17981.459444924785,40.22,81.49745938205243,-0.5025406179475738,North
1031,Tier 2 - Stable Moderate Risk,False,56,0.08928571428571429,0.24211709905575113,500.6442527369721,28036.078153270435,17943.864903004847,51.285714285714285,82.90066630179729,-8.170762269631282,North
1773,Tier 2 - Stable Moderate Risk,False,51,0.11764705882352941,0.24147730220033964,808.1103723789993,41213.628991328966,19717.914012177545,53.3921568627451,80.69925164651033,-7.536042471136724,West
1714,Tier 2 - Stable Moderate Risk,False,47,0.1276595744680851,0.24142708430711965,829.5092742999784,38986.93589209898,19036.606860287942,53.02127659574468,80.33407827231514,-6.899964280876361,East
1235,Tier 2 - Stable Moderate Risk,False,52,0.11538461538461539,0.2387306791444094,598.3335603068762,31113.34513595756,14335.416847995068,51.42307692307692,82.76192996208563,-5.699608499452822,North
1584,Tier 2 - Stable Moderate Risk,False,52,0.15384615384615385,0.23824949215647973,720.689267092403,37475.84188880496,16902.603924732062,48.42307692307692,80.71915997789732,-3.8962246374872933,North
1862,Tier 2 - Stable Moderate Risk,False,53,0.1320754716981132,0.2371592050420038,712.469295544705,37760.87266386936,14927.687235745052,51.905660377358494,82.35022739891542,-4.442225431273258,North
1298,Tier 2 - Stable Moderate Risk,False,49,0.1836734693877551,0.23693060399853608,901.9933417723679,44197.67374684603,15590.071106942789,51.97959183673469,80.16469570554084,-1.4679573556836516,North
1957,Tier 2 - Stable Moderate Risk,False,46,0.08695652173913043,0.23685438564654024,566.7087423426416,26068.60214776151,15655.985410746596,49.369565217391305,82.779794128583,-8.524553697503961,East
1595,Tier 2 - Stable Moderate Risk,False,56,0.10714285714285714,0.23570226039551584,585.6932054450674,32798.81950492378,18179.158883120417,53.285714285714285,82.26324736857778,-7.022466917136512,East
1725,Tier 2 - Stable Moderate Risk,False,38,0.10526315789473684,0.23561839882287622,503.88186029632953,19147.510691260522,17638.13803677486,58.18421052631579,81.53043665496769,-7.943247555558628,North
1040,Tier 2 - Stable Moderate Risk,False,51,0.11764705882352941,0.23521169352438526,484.61232965253805,24715.22881227944,18219.180316682527,59.94117647058823,80.00644999753122,-8.228844120115838,North
1164,Tier 2 - Stable Moderate Risk,False,56,0.14285714285714285,0.2340259020358182,695.3380368021195,38938.93006091869,16000.940611632172,54.5,82.16192265266584,-3.552363061619886,North
1481,Tier 2 - Stable Moderate Risk,False,44,0.13636363636363635,0.23379807197994273,773.7017876822806,34042.878658020345,18074.73541291637,46.02272727272727,80.73253441897735,-5.631101944659008,South
1473,Tier 2 - Stable Moderate Risk,False,58,0.1206896551724138,0.232977287192082,659.2504605009506,38236.526709055135,19076.653300289767,47.86206896551724,81.39110316107796,-6.539931321680655,North
1010,Tier 2 - Stable Moderate Risk,False,54,0.12962962962962962,0.22996655275194997,697.5608032567872,37668.28337586651,18058.505203241395,53.2037037037037,81.15950552041602,-5.877531516621019,East
1415,Tier 2 - Stable Moderate Risk,False,42,0.09523809523809523,0.2273030282830976,741.4024325609714,31138.902167560802,15750.778473109225,55.80952380952381,81.59268914542761,-8.883501330762869,West
1949,Tier 2 - Stable Moderate Risk,False,48,0.125,0.22705306098215977,490.6218883973318,23549.850643071928,15790.296608116698,58.979166666666664,80.35764306728444,-7.142356932715558,North
1104,Tier 2 - Stable Moderate Risk,False,46,0.1956521739130435,0.22456034918780837,986.0516303921343,45358.374998038176,16912.72557394928,53.47826086956522,79.49187626956763,-0.9429063391280295,North
1513,Tier 2 - Stable Moderate Risk,False,54,0.16666666666666666,0.2222564286754722,743.2761978585883,40136.914684363765,17355.57062769351,43.77777777777778,80.8177288355157,-2.515604497817648,North
1860,Tier 2 - Stable Moderate Risk,False,47,0.1276595744680851,0.21956078223541195,872.9138926037019,41026.95295237399,19936.65677135747,49.1063829787234,81.80496711382186,-5.42907543936964,West
1775,Tier 2 - Stable Moderate Risk,False,64,0.125,0.21791198265333653,777.3803018618589,49752.33931915897,18897.313940568372,53.640625,80.28766387935522,-7.212336120644778,West
1341,Tier 2 - Stable Moderate Risk,False,53,0.1320754716981132,0.2130440821598584,578.2555123020786,30647.542152010166,17976.30894249329,53.43396226415094,80.94107081753845,-5.851382012650234,North
1420,Tier 2 - Stable Moderate Risk,False,48,0.20833333333333334,0.21302046612668485,1377.9194791280281,66140.13499814535,18841.030763031707,52.708333333333336,82.05773403971202,2.8910673730453595,East
1321,Tier 2 - Stable Moderate Risk,False,49,0.14285714285714285,0.20766559657295186,739.0718327198069,36214.51980327054,19807.027245389072,54.285714285714285,79.96791182403096,-5.746373890254759,South
1038,Tier 2 - Stable Moderate Risk,False,52,0.19230769230769232,0.2061241846246565,1039.0881309115528,54032.582807400744,18369.02903192239,47.92307692307692,80.90939719965246,0.14016643042168653,West
1393,Tier 2 - Stable Moderate Risk,False,54,0.18518518518518517,0.20503794668626696,1038.3257353492106,56069.58970885737,22012.121200444428,51.166666666666664,79.99075475553083,-1.4907267259506654,North
1922,Tier 2 - Stable Moderate Risk,False,47,0.1276595744680851,0.19119851745924238,720.1089010353522,33845.118348661556,19422.3494541861,48.4468085106383,82.45918287594182,-4.77485967724968,North
1712,Tier 2 - Stable Moderate Risk,False,50,0.14,0.1895789306335779,998.4184349508703,49920.921747543514,17169.202766899216,51.82,81.53785688533621,-4.462143114663789,North
1440,Tier 2 - Stable Moderate Risk,False,55,0.16363636363636364,0.1893706896102993,882.4302651840445,48533.664585122446,16606.073622435415,49.18181818181818,82.31555457801026,-1.320809058353376,West
1835,Tier 2 - Stable Moderate Risk,False,41,0.17073170731707318,0.1827733149452749,1058.065750645546,43380.695776467386,16742.582124842545,49.75609756097561,80.49018255532641,-2.4366467129662652,North
1731,Tier 2 - Stable Moderate Risk,False,40,0.125,0.17996974322386802,892.5803026640876,35703.21210656351,18547.595219087067,55.7,80.42972735578482,-7.07027264421518,West
1556,Tier 2 - Stable Moderate Risk,False,40,0.1,0.17991063871654026,631.0015879174958,25240.063516699833,14926.308773285933,51.7,82.7056209011895,-7.294379098810495,East
1919,Tier 2 - Stable Moderate Risk,False,36,0.1388888888888889,0.17970582285982345,938.0017312185727,33768.06232386862,17377.954932868037,56.916666666666664,79.28569043561258,-6.825420675498535,East
1932,Tier 2 - Stable Moderate Risk,False,63,0.12698412698412698,0.17492958132614125,720.1357768779753,45368.55394331244,15563.32188662269,50.55555555555556,82.75281214368471,-4.548775157902597,North
1339,Tier 3 - Elevated Risk,True,39,0.15384615384615385,0.40620192023179796,761.6457273005616,29704.183364721903,19262.690222572615,49.41025641025641,79.15451215685025,-5.460872458534368,East
1475,Tier 3 - Elevated Risk,True,44,0.13636363636363635,0.40430377003131995,853.4978479308847,37553.90530895893,17902.234266478394,43.11363636363637,77.03035993055946,-9.333276433076904,North
1788,Tier 3 - Elevated Risk,True,35,0.17142857142857143,0.3985372113515987,864.5980991227462,30260.93346929612,14890.941183647808,45.0,79.98348784437798,-2.8736550127648712,South
1314,Tier 3 - Elevated Risk,True,44,0.1590909090909091,0.3958473906635696,946.1780346615719,41631.83352510916,17812.110073901935,47.36363636363637,78.7835454211395,-5.3073636697696,East
1548,Tier 3 - Elevated Risk,True,46,0.13043478260869565,0.3900210277874798,868.0885563010719,39932.07358984931,20378.723095730187,51.891304347826086,79.5008240566364,-7.4556976824940335,North
1355,Tier 3 - Elevated Risk,True,42,0.16666666666666666,0.38506604896947944,562.475485801113,23623.970403646745,18526.251812082217,50.80952380952381,79.20582496050008,-4.127508372833262,West
1816,Tier 3 - Elevated Risk,True,55,0.16363636363636364,0.38487055238204354,898.66247847415,49426.43631607825,19066.66979165205,46.63636363636363,80.57565913410504,-3.060704502258602,North
1746,Tier 3 - Elevated Risk,True,44,0.13636363636363635,0.37785946829182115,753.7792236700832,33166.28584148366,16713.647628051873,52.68181818181818,79.33628619273937,-7.0273501708969945,West
1786,Tier 3 - Elevated Risk,True,62,0.16129032258064516,0.3730105960450786,1016.2248400135816,63005.940080842054,19386.498699673022,43.61290322580645,79.75798409995501,-4.1129836419804775,West
1192,Tier 3 - Elevated Risk,True,47,0.19148936170212766,0.37243711107971195,713.7850058947454,33547.89527705303,18844.32624397013,52.851063829787236,78.53771916589983,-2.3133446638874062,West
1357,Tier 3 - Elevated Risk,True,46,0.13043478260869565,0.3721616228257201,766.8038968771776,35272.97925635017,17241.26272159614,45.608695652173914,78.60364388009707,-8.35287785903337,West
1004,Tier 3 - Elevated Risk,True,38,0.15789473684210525,0.371198682026838,747.2795730173286,28396.62377465849,15238.172166187182,45.10526315789474,79.75678923876994,-4.453737077019525,North
1863,Tier 3 - Elevated Risk,False,42,0.19047619047619047,0.3690771582175585,1026.7232606495777,43122.37694728227,18694.41412255161,45.04761904761905,78.72887493785231,-2.2235060145286383,East
1383,Tier 3 - Elevated Risk,False,45,0.17777777777777778,0.368663394457191,802.450783823014,36110.28527203563,14735.264899522692,49.644444444444446,78.74931983972876,-3.4729023824934586,North
1436,Tier 3 - Elevated Risk,False,48,0.125,0.36691425207542483,454.98622037039064,21839.33857777875,16189.562511019567,48.604166666666664,78.29200626098701,-9.207993739012991,South
1151,Tier 3 - Elevated Risk,False,55,0.16363636363636364,0.3667523348695617,645.3133571024704,35492.23464063587,13512.653331300271,46.14545454545455,80.35455953823237,-3.281804098131275,North
1211,Tier 3 - Elevated Risk,False,35,0.11428571428571428,0.3651483716701107,538.7356218462305,18855.746764618067,17408.033750560822,48.68571428571428,78.93480520529008,-9.636623366138494,West
1148,Tier 3 - Elevated Risk,False,47,0.1702127659574468,0.36416634341009774,838.8828837331195,39427.49553545661,17023.538541031277,43.53191489361702,77.57471217005063,-5.404011234204688,North
1609,Tier 3 - Elevated Risk,False,60,0.15,0.36225264062355755,717.8087920530664,43068.527523183984,16898.877081215083,50.78333333333333,79.08737221458618,-5.912627785413818,South
1503,Tier 3 - Elevated Risk,False,44,0.1590909090909091,0.3613849498636749,696.34902244061,30639.35698738684,15684.148626974766,50.56818181818182,78.32613815433636,-5.764770936572731,North
1249,Tier 3 - Elevated Risk,False,48,0.1875,0.36076841069285176,1019.4000296377499,48931.20142261199,16742.59790183628,51.770833333333336,76.09817049813218,-5.151829501867823,West
1630,Tier 3 - Elevated Risk,False,48,0.1875,0.36028994032468303,856.0553592249553,41090.65724279785,19024.86332983991,50.166666666666664,78.50543747595371,-2.7445625240462874,East
1364,Tier 3 - Elevated Risk,False,57,0.12280701754385964,0.3585439887756106,448.9357456182893,25589.337500242487,16477.693233929083,48.526315789473685,78.88037589544395,-8.838922350170094,North
1454,Tier 3 - Elevated Risk,False,55,0.14545454545454545,0.358485889293397,697.4563156895933,38360.097362927634,16394.17752641342,50.92727272727273,79.1169315901268,-6.337613864418657,North
1521,Tier 3 - Elevated Risk,False,59,0.15254237288135594,0.3581317877891379,860.6514449179233,50778.435250157476,16769.128000316217,46.50847457627118,77.1937882376522,-7.5519744742122015,South
1541,Tier 3 - Elevated Risk,False,37,0.13513513513513514,0.35753417715050384,324.07535927590624,11990.78829320853,15152.374480528984,48.67567567567568,79.46439673297633,-7.0220897535101585,South
1504,Tier 3 - Elevated Risk,False,50,0.12,0.3563483225498992,605.4626034495475,30273.130172477377,16877.74309472544,49.02,79.89952270517209,-8.100477294827911,East
1139,Tier 3 - Elevated Risk,False,47,0.1702127659574468,0.3559626408900261,897.651698664176,42189.62983721627,18069.547818581435,47.276595744680854,80.25408584576957,-2.724637558485753,West
1659,Tier 3 - Elevated Risk,False,44,0.1590909090909091,0.35519446634446544,878.5310617514774,38655.36671706501,16162.897711774438,43.56818181818182,78.71445638778617,-5.376452703122922,South
1821,Tier 3 - Elevated Risk,False,54,0.2037037037037037,0.3544356536369853,1020.4351565134427,55103.49845172591,17248.03945944366,44.44444444444444,77.38369109772874,-2.24593853190089,South
1989,Tier 3 - Elevated Risk,False,38,0.18421052631578946,0.35355339059327373,984.1543988240328,37397.867155313244,18551.944391521294,51.473684210526315,78.08033432997574,-3.4986130384453134,North
1649,Tier 3 - Elevated Risk,False,58,0.1724137931034483,0.3516474285111362,1060.7544674839503,61523.759114069115,18549.224485613042,45.241379310344826,79.04380788518962,-3.714812804465552,East
1656,Tier 3 - Elevated Risk,False,44,0.13636363636363635,0.3511066249289032,592.9450630281606,26089.582773239064,17092.902070632746,49.88636363636363,79.55844545900449,-6.805190904631871,South
1747,Tier 3 - Elevated Risk,False,56,0.17857142857142858,0.3507757233963794,832.930504189063,46644.108234587526,19967.763598106838,42.214285714285715,79.39995454828082,-2.7429025945763215,North
1642,Tier 3 - Elevated Risk,False,38,0.15789473684210525,0.35,459.6891024986456,17468.185894948532,19044.429426686504,54.0,76.37514212703567,-7.8353841887537925,North
1913,Tier 3 - Elevated Risk,False,60,0.13333333333333333,0.34983282425482654,671.9110020928904,40314.66012557342,19314.086149945913,43.11666666666667,79.355065693634,-7.311600973032668,West
1674,Tier 3 - Elevated Risk,False,37,0.16216216216216217,0.34918527212256645,825.3304912329779,30537.22817562018,17027.228135523637,48.486486486486484,79.8981276060579,-3.885656177725892,North
1709,Tier 3 - Elevated Risk,False,43,0.16279069767441862,0.348209706929603,840.5733493086692,36144.65402027278,16196.560420580085,47.97674418604651,80.12118323021465,-3.599747002343477,West
1993,Tier 3 - Elevated Risk,False,43,0.13953488372093023,0.3457092641658779,662.1984731462228,28474.534345287582,17767.14135333263,41.23255813953488,79.46052396763096,-6.585987660276018,North
1603,Tier 3 - Elevated Risk,False,49,0.10204081632653061,0.3457092641658778,516.8644198659498,25326.35657343154,19839.266826195086,51.83673469387755,79.41987226881169,-10.376046098535255,South
1032,Tier 3 - Elevated Risk,False,45,0.13333333333333333,0.34543409305347694,1107.493845168311,49837.223032573995,16581.02228844824,51.08888888888889,78.57843297679632,-8.08823368987035,West
1658,Tier 3 - Elevated Risk,False,37,0.16216216216216217,0.3452052529534663,952.4070942909394,35239.06248876476,17645.059925442663,48.027027027027025,80.0033211375799,-3.780462646203887,North
1934,Tier 3 - Elevated Risk,False,43,0.11627906976744186,0.34520525295346627,675.1325344640154,29030.69898195266,15609.778135609113,52.883720930232556,77.35256907706689,-11.019523946188926,East
1929,Tier 3 - Elevated Risk,False,40,0.15,0.3443053813871836,623.385326638663,24935.41306554652,15890.743224397072,50.275,76.82026195091457,-8.17973804908543,South
1598,Tier 3 - Elevated Risk,False,60,0.16666666666666666,0.3430483906497152,832.0737003460529,49924.42202076317,15801.29823466359,48.28333333333333,79.1976258198834,-4.135707513449944,South
1214,Tier 3 - Elevated Risk,False,52,0.11538461538461539,0.34293853327795876,425.6915971271565,22135.96305061214,18652.4262100532,44.86538461538461,79.84678640728299,-8.614752054255462,North
1637,Tier 3 - Elevated Risk,False,44,0.11363636363636363,0.339934634239519,908.8664324708933,39990.1230287193,13273.224471325897,46.63636363636363,77.82255078664917,-10.813812849714466,West
1965,Tier 3 - Elevated Risk,False,41,0.14634146341463414,0.339934634239519,747.1931170489315,30634.917799006194,18103.249046249504,48.51219512195122,78.97087134687149,-6.394982311665089,North
1629,Tier 3 - Elevated Risk,False,47,0.1276595744680851,0.33968311024337877,803.5748141415366,37768.01626465222,17745.456700589566,40.234042553191486,79.73556268129592,-7.498479871895583,North
1427,Tier 3 - Elevated Risk,False,47,0.1276595744680851,0.3396831102433787,640.3419061693604,30096.06958995994,17297.46214920794,50.829787234042556,79.532737367285,-7.701305185906506,North
1855,Tier 3 - Elevated Risk,False,42,0.14285714285714285,0.3396831102433787,968.9642590171404,40696.498878719896,18560.32310882814,41.357142857142854,80.71684269274371,-4.997443021542011,North
1640,Tier 3 - Elevated Risk,False,57,0.17543859649122806,0.3393729662437974,697.8435487841157,39777.082280694594,21135.603089998836,48.6140350877193,76.88795308318501,-5.568187267692181,North
1904,Tier 3 - Elevated Risk,False,49,0.12244897959183673,0.3385262175962151,701.9755995298171,34396.80437696104,20101.470368057104,40.755102040816325,79.41100068110026,-8.344101359716063,South
1792,Tier 3 - Elevated Risk,False,46,0.13043478260869565,0.338501600193165,534.8155352255752,24601.51462037646,16295.963575576166,44.58695652173913,80.50799061882437,-6.448531120306072,West
1263,Tier 3 - Elevated Risk,False,48,0.125,0.33823321747236684,691.0524130981389,33170.51582871067,18642.259899294615,50.583333333333336,78.9310987896001,-8.5689012103999,South
1378,Tier 3 - Elevated Risk,False,48,0.16666666666666666,0.337876882565083,724.0007015623995,34752.033674995175,16494.055768284965,47.854166666666664,79.70761286703608,-3.625720466297267,West
1631,Tier 3 - Elevated Risk,False,51,0.13725490196078433,0.33787688256508297,757.5452535922908,38634.80793320683,19056.312757550797,52.27450980392157,79.45029250555943,-6.824217298362143,East
1097,Tier 3 - Elevated Risk,False,55,0.18181818181818182,0.3376457161428672,937.305443246695,51551.79937856822,16199.332033584149,39.69090909090909,79.67675003678315,-2.1414317813986656,East
1056,Tier 3 - Elevated Risk,False,51,0.13725490196078433,0.3374109569147894,1014.6272596344887,51745.99024135892,17509.44771790898,50.6078431372549,79.61983104207218,-6.6546787618493966,East
1291,Tier 3 - Elevated Risk,False,49,0.16326530612244897,0.33677401941487595,660.5113711845579,32365.057188043334,17573.03832599408,52.53061224489796,79.58836590488099,-4.085103482874118,West
1469,Tier 3 - Elevated Risk,False,47,0.1702127659574468,0.33655494465128694,1043.9351078991338,49064.950071259285,19924.862166255753,46.680851063829785,79.93727760586317,-3.0414457983921466,South
1857,Tier 3 - Elevated Risk,False,48,0.20833333333333334,0.3365191672279851,595.0337702934875,28561.6209740874,16818.941831684133,46.1875,80.61132884810614,1.444662181439483,East
1414,Tier 3 - Elevated Risk,False,59,0.1864406779661017,0.33647940621172895,832.6788028341258,49128.049367213425,17428.2079745627,47.186440677966104,78.89828924597495,-2.4576429574148904,South
1401,Tier 3 - Elevated Risk,False,46,0.15217391304347827,0.3348729874078727,675.6892880165224,31081.70724876003,21397.265120359458,46.58695652173913,79.17313938360515,-5.609469312047025,North
1971,Tier 3 - Elevated Risk,False,49,0.12244897959183673,0.3348729874078727,585.6146954903131,28695.120079025342,17061.221870962752,51.57142857142857,78.2991899028987,-9.455912137917622,North
1389,Tier 3 - Elevated Risk,False,58,0.1206896551724138,0.33481812167679126,480.5917119483382,27874.319293003613,17921.498366126416,49.08620689655172,79.50172267516554,-8.42931180759308,North
1223,Tier 3 - Elevated Risk,False,54,0.1111111111111111,0.33476359818036766,607.2339208253555,32790.6317245692,19699.01955040403,49.129629629629626,78.59679547552474,-10.292093413364142,North
1205,Tier 3 - Elevated Risk,False,42,0.11904761904761904,0.3344425987398314,603.5338037355823,25348.41975689446,15786.718391038736,45.0,79.51557439277767,-8.579663702460422,North
1002,Tier 3 - Elevated Risk,False,49,0.16326530612244897,0.3344000027263185,840.7329105739907,41195.91261812554,18405.958808164116,50.93877551020408,78.23974821243581,-5.433721175319292,North
1234,Tier 3 - Elevated Risk,False,50,0.14,0.3336003204272648,846.8811478739568,42344.05739369784,17174.31062627722,49.34,79.24293530561101,-6.757064694388987,North
1594,Tier 3 - Elevated Risk,False,49,0.1836734693877551,0.33349863626109033,1014.9756529069261,49733.80699243938,17153.170823898374,49.10204081632653,78.95683915805029,-2.675813903174202,West
1003,Tier 3 - Elevated Risk,False,44,0.1590909090909091,0.3333928518291801,613.2987143061664,26985.14342947132,18270.02995070962,49.81818181818182,79.8656643759033,-4.2252447150058,North
1188,Tier 3 - Elevated Risk,False,49,0.16326530612244897,0.3333846430132083,800.6299515770035,39230.86762727317,19226.14733796037,53.61224489795919,78.69147360761934,-4.981995780135762,West
1103,Tier 3 - Elevated Risk,False,35,0.11428571428571428,0.33333333333333337,754.5053662027613,26407.687817096645,21724.641497089833,43.857142857142854,79.93720445022223,-8.634224121206344,East
1428,Tier 3 - Elevated Risk,False,57,0.17543859649122806,0.3331128018283244,808.7097175860333,46096.4539024039,19894.147245566317,47.80701754385965,79.17694684570391,-3.279193505173282,North
1299,Tier 3 - Elevated Risk,False,48,0.16666666666666666,0.33233978914619217,794.1218578314205,38117.84917590818,16194.355055435655,51.895833333333336,78.95098673340836,-4.382346599924986,South
1685,Tier 3 - Elevated Risk,False,43,0.16279069767441862,0.33176851315389516,896.8097156088828,38562.81777118196,17834.899361977434,47.2093023255814,76.38718693984777,-7.333743292710366,North
1474,Tier 3 - Elevated Risk,False,46,0.15217391304347827,0.33044727612563335,604.9771435480604,27828.94860321078,18334.93848306003,34.52173913043478,76.9530528274196,-7.829555868232575,North
1617,Tier 3 - Elevated Risk,False,48,0.1875,0.33025397556734004,593.7291054806893,28498.997063073086,17057.28967089675,46.395833333333336,77.85572629942176,-3.394273700578239,East
1406,Tier 3 - Elevated Risk,False,44,0.18181818181818182,0.33013655929516683,922.3619022485022,40583.9236989341,20043.62980414927,49.15909090909091,78.21074580698348,-3.607436011198331,North
1413,Tier 3 - Elevated Risk,False,45,0.15555555555555556,0.32987282555297465,680.2435463331502,30610.95958499176,16316.924645709516,40.48888888888889,79.18514824302959,-5.259296201414855,North
1586,Tier 3 - Elevated Risk,False,54,0.2037037037037037,0.32971749170862064,1025.3488120981929,55368.835853302415,16486.196374430765,42.75925925925926,79.51586614920969,-0.11376348041994788,West
1087,Tier 3 - Elevated Risk,False,55,0.16363636363636364,0.3295142466602204,958.4796320957294,52716.37976526511,17570.056477169164,49.54545454545455,78.70548236538546,-4.930881270978176,South
1232,Tier 3 - Elevated Risk,False,42,0.11904761904761904,0.32915231615490137,493.11286286519567,20710.74024033822,17081.29311358553,54.30952380952381,77.80169792046883,-10.293540174769262,South
1869,Tier 3 - Elevated Risk,False,48,0.125,0.3285205741623953,569.0892004746144,27316.28162278149,16643.61674851625,47.5625,79.8911457240918,-7.6088542759082,West
1091,Tier 3 - Elevated Risk,False,58,0.15517241379310345,0.32836610990576803,782.7944750383804,45402.07955222606,17303.040486400627,54.94827586206897,78.54271126407833,-5.940047356611316,West
1555,Tier 3 - Elevated Risk,False,54,0.16666666666666666,0.3276141131201309,971.563363850204,52464.42164791102,16206.022560507663,51.68518518518518,78.79264667622185,-4.540686657111493,West
1189,Tier 3 - Elevated Risk,False,65,0.15384615384615385,0.32705786319569846,937.2691431390322,60922.49430403709,17220.454379139126,44.95384615384615,78.32404891511425,-6.291335700270366,North
1107,Tier 3 - Elevated Risk,False,53,0.1320754716981132,0.3260213345783608,584.6769442276518,30987.878044065546,18596.09015058475,47.41509433962264,79.07302498425527,-7.71942784593341,North
1096,Tier 3 - Elevated Risk,False,46,0.17391304347826086,0.3257554060408828,953.4763233704858,43859.91087504235,18910.103559542335,49.30434782608695,79.55633707924834,-3.05235857292557,West
1266,Tier 3 - Elevated Risk,False,60,0.11666666666666667,0.3256026627917746,854.5207269817694,51271.24361890616,16977.405174548727,40.45,78.50403510551875,-9.829298227814576,North
1801,Tier 3 - Elevated Risk,False,63,0.15873015873015872,0.3251887481575546,752.740161804198,47422.630193664474,17575.644111046382,50.17460317460318,78.47390710312875,-5.653077023855374,North
1067,Tier 3 - Elevated Risk,False,57,0.17543859649122806,0.3250175231562333,991.2859445506153,56503.298839385076,20048.817707628044,49.75438596491228,79.35023714849171,-3.105903202385477,North
1294,Tier 3 - Elevated Risk,False,58,0.15517241379310345,0.3247276222834071,844.9208410421184,49005.408780442864,16183.73480164555,51.93103448275862,79.59487904189822,-4.887879578791427,West
1703,Tier 3 - Elevated Risk,False,43,0.16279069767441862,0.32291933349299884,559.861063502356,24074.025730601308,19255.85238608631,52.02325581395349,78.9155090094489,-4.805421223109235,North
1739,Tier 3 - Elevated Risk,False,54,0.14814814814814814,0.32280723667807426,793.6398960452948,42856.55438644592,17042.28198540572,48.166666666666664,79.97062512616468,-5.2145600590205134,South
1760,Tier 3 - Elevated Risk,False,55,0.2,0.32209593484828597,1060.557760416671,58330.67682291691,16988.104404654892,49.58181818181818,77.81058060444165,-2.189419395558346,North
1363,Tier 3 - Elevated Risk,False,59,0.11864406779661017,0.32184503940667003,801.9954954465006,47317.73423134354,18572.43528971452,49.57627118644068,79.2166306978722,-8.91896252246677,North
1689,Tier 3 - Elevated Risk,False,36,0.16666666666666666,0.3211050694219349,884.0780306030005,31826.809101708015,18208.15751329357,50.833333333333336,79.65458847854434,-3.6787448547890023,South
1729,Tier 3 - Elevated Risk,False,50,0.1,0.3205341873219848,518.0064336391326,25900.32168195663,17513.558950343,51.62,79.14914863141423,-10.850851368585765,West
1889,Tier 3 - Elevated Risk,False,54,0.1111111111111111,0.3183787145506036,654.8383097295094,35361.26872539351,18454.670350060456,41.370370370370374,80.39514009866913,-8.493748790219755,West
1700,Tier 3 - Elevated Risk,False,45,0.2,0.31802452914767615,728.1856261633932,32768.35317735269,17485.17828656628,53.46666666666667,78.72648287286104,-1.273517127138959,South
1570,Tier 3 - Elevated Risk,False,43,0.13953488372093023,0.3178208630818641,740.9376458098025,31860.318769821508,17589.503342994016,51.30232558139535,79.66533032527245,-6.3811813026345305,North
1848,Tier 3 - Elevated Risk,False,40,0.2,0.3178208630818641,658.3578950656312,26334.315802625246,16274.011326687429,49.25,79.42185733000233,-0.5781426699976748,West
1687,Tier 3 - Elevated Risk,False,60,0.11666666666666667,0.3172650449098117,840.6881535346055,50441.28921207633,15999.498561695415,43.18333333333333,79.53750244140662,-8.795830891926713,North
1766,Tier 3 - Elevated Risk,False,37,0.21621621621621623,0.3172445781778671,935.258385041316,34604.560246528694,17731.048766278607,48.891891891891895,78.41514437479096,0.03676599641258349,South
1042,Tier 3 - Elevated Risk,False,41,0.0975609756097561,0.317063243737114,469.54439145068505,19251.320049478087,16835.44869606923,46.4390243902439,79.8890258941491,-10.354876544875296,South
1098,Tier 3 - Elevated Risk,False,53,0.18867924528301888,0.3166817903224609,987.5864767163472,52342.0832659664,17691.388524256836,49.58490566037736,79.22095875017747,-1.9111167215206422,East
1546,Tier 3 - Elevated Risk,False,41,0.14634146341463414,0.3166666666666666,714.7792020756277,29305.947285100738,16836.39431988511,47.53658536585366,78.37997288786785,-6.985880770668729,North
1161,Tier 3 - Elevated Risk,False,56,0.16071428571428573,0.31608605515782084,739.2760970191839,41399.4614330743,17818.697008513813,46.44642857142857,79.82995863177351,-4.098612796797923,East
1330,Tier 3 - Elevated Risk,False,55,0.14545454545454545,0.31524180343986,622.1091589597811,34216.00374278796,16602.345633062403,47.49090909090909,79.77694864649314,-5.677596808052314,East
1652,Tier 3 - Elevated Risk,False,45,0.08888888888888889,0.31471831698777725,424.02721725569563,19081.224776506304,18083.46995045199,45.31111111111111,79.54038124739841,-11.5707298637127,North
1064,Tier 3 - Elevated Risk,False,55,0.09090909090909091,0.3146588900915806,439.8059376763329,24189.32657219831,15365.614428684312,49.89090909090909,78.13777182569214,-12.771319083398765,West
1756,Tier 3 - Elevated Risk,False,56,0.17857142857142858,0.314409151390532,931.5656644799575,52167.67721087762,16514.04218153728,47.035714285714285,79.75246465729184,-2.3903924855653003,South
1599,Tier 3 - Elevated Risk,False,62,0.11290322580645161,0.3141624222109404,454.27124843800084,28164.817403156052,18149.134921160843,44.45161290322581,78.54768186296263,-10.161995556392199,North
1479,Tier 3 - Elevated Risk,False,59,0.1864406779661017,0.3135957491848542,830.2311092493305,48983.635445710504,17691.657916444576,53.42372881355932,79.04559443974173,-2.310337763648107,North
1807,Tier 3 - Elevated Risk,False,44,0.1590909090909091,0.31358146203711296,1172.866018233521,51606.10480227492,16797.913722389625,47.65909090909091,78.6847951850449,-5.4061139058641885,East
1887,Tier 3 - Elevated Risk,False,65,0.15384615384615385,0.31330404571334014,714.34413089454,46432.3685081451,18055.941797835014,43.01538461538462,80.11304599813849,-4.502338617246124,North
1757,Tier 3 - Elevated Risk,False,38,0.13157894736842105,0.31244047052046187,794.5040088992415,30191.152338171178,19138.77992622182,48.55263157894737,77.13292760039378,-9.70917766276412,East
1748,Tier 3 - Elevated Risk,False,38,0.15789473684210525,0.31171673908886416,742.3648755905723,28209.865272441748,20103.957764404084,52.078947368421055,79.01853511988243,-5.191991195907036,West
1802,Tier 3 - Elevated Risk,False,48,0.125,0.3115991288402731,596.1739043653583,28616.3474095372,15104.359113703977,47.729166666666664,78.99959381809525,-8.50040618190475,West
1144,Tier 3 - Elevated Risk,False,44,0.1590909090909091,0.31130003106291937,865.8798146538625,38098.71184476995,17441.21507225553,47.13636363636363,79.59498302846102,-4.495926062448078,North
1936,Tier 3 - Elevated Risk,False,41,0.14634146341463414,0.31008343189969256,956.8968064015148,39232.76906246211,19804.42599256002,54.48780487804878,77.80164866924694,-7.564204989289635,North
1575,Tier 3 - Elevated Risk,False,43,0.11627906976744186,0.30870001445534656,438.25571319125515,18844.99566722397,16938.179070491653,50.44186046511628,79.58705743477614,-8.785035588479673,North
1706,Tier 3 - Elevated Risk,False,42,0.16666666666666666,0.3077697552103231,636.8751981637478,26748.758322877406,16376.3877698378,47.30952380952381,80.23551763277808,-3.097815700555259,West
1495,Tier 3 - Elevated Risk,False,53,0.1509433962264151,0.30775239797853476,734.5533428069967,38931.327168770826,17528.604992824243,44.132075471698116,79.54845873046673,-5.3572016468917525,North
1531,Tier 3 - Elevated Risk,False,46,0.1956521739130435,0.3065968204433277,703.955081158341,32381.933733283688,17599.89427973722,46.26086956521739,77.73476591711858,-2.7000166915770762,South
1358,Tier 3 - Elevated Risk,False,41,0.17073170731707318,0.304810020282641,1124.7156366706217,46113.34110349549,16560.371547037554,44.24390243902439,79.26798306787961,-3.658846200413066,South
1920,Tier 3 - Elevated Risk,False,35,0.14285714285714285,0.3042301673567363,801.1876236284786,28041.56682699675,16910.25797789582,41.94285714285714,78.6500046195903,-7.064281094695417,South
1494,Tier 3 - Elevated Risk,False,58,0.15517241379310345,0.3039624358258145,755.145053191734,43798.41308512057,17214.915361069,47.03448275862069,78.76167679866798,-5.721081822021674,South
1204,Tier 3 - Elevated Risk,False,47,0.1276595744680851,0.30383939189706144,823.0327824638789,38682.54077580231,20399.322283817302,41.0,79.6748946382889,-7.559147914902596,East
1626,Tier 3 - Elevated Risk,False,46,0.17391304347826086,0.3036107494465359,790.2663621186168,36352.252657456374,16462.382694942407,47.47826086956522,79.12267885612256,-3.486016796051345,North
1693,Tier 3 - Elevated Risk,False,46,0.15217391304347827,0.3036107494465358,418.50773317394885,19251.355726001646,18966.41904984479,41.34782608695652,80.15986139785115,-4.622747297801027,South
1022,Tier 3 - Elevated Risk,False,42,0.16666666666666666,0.3034112795503894,579.7334356690643,24348.804298100702,18235.579532760763,45.95238095238095,77.40155974407696,-5.93177358925638,East
1777,Tier 3 - Elevated Risk,False,54,0.14814814814814814,0.30337005136939743,466.9629886527403,25216.001387247976,17205.211178881862,44.333333333333336,78.68686738896902,-6.4983177962161704,East
1444,Tier 3 - Elevated Risk,False,49,0.1836734693877551,0.30320161103004867,812.8228073431908,39828.31755981635,18184.148090506482,49.10204081632653,78.40892101174991,-3.2237320494745774,North
1871,Tier 3 - Elevated Risk,False,58,0.15517241379310345,0.3029124500263275,678.4593447371849,39350.64199475673,16971.775063747933,44.10344827586207,80.08823436345934,-4.394524257230316,South
1558,Tier 3 - Elevated Risk,False,50,0.18,0.3023059524536176,930.2726646634602,46513.63323317301,17455.224900705172,50.26,76.77116656047738,-5.228833439522617,North
1488,Tier 3 - Elevated Risk,False,52,0.1346153846153846,0.30214687660595635,837.8090818520857,43566.07225630846,18881.227569681432,52.26923076923077,78.85407738501172,-7.684384153449827,North
1833,Tier 3 - Elevated Risk,False,60,0.16666666666666666,0.30213547010224867,852.6365605729472,51158.19363437683,20156.019998611373,47.11666666666667,79.24031464929016,-4.093018684043187,West
1280,Tier 3 - Elevated Risk,False,54,0.12962962962962962,0.3020715645937549,629.1606176831158,33974.673354888255,17543.466861607805,47.129629629629626,80.09376281436137,-6.943274222675669,North
1037,Tier 3 - Elevated Risk,False,57,0.17543859649122806,0.30203488411948576,940.9551819381755,53634.44537047601,19803.57645895464,44.31578947368421,80.23984364023073,-2.2162967106464606,North
1070,Tier 3 - Elevated Risk,False,34,0.08823529411764706,0.3017804310611087,527.5157114282479,17935.53418856043,13944.301160570754,40.94117647058823,77.72672153845534,-13.449749049779953,West
1534,Tier 3 - Elevated Risk,False,61,0.11475409836065574,0.30089488238189194,478.76941877860895,29204.934545495147,16790.040834673542,45.40983606557377,79.09937657314285,-9.425213590791572,North
1225,Tier 3 - Elevated Risk,False,54,0.14814814814814814,0.30089031128281335,648.5689409359128,35022.72281053929,17334.351272589247,52.46296296296296,78.10560564254695,-7.079579542638243,North
1791,Tier 3 - Elevated Risk,False,45,0.15555555555555556,0.3007114072118822,757.3683172915331,34081.57427811899,15677.559417200348,48.6,79.60025062970068,-4.844193814743761,North
1429,Tier 3 - Elevated Risk,False,43,0.13953488372093023,0.3004626062886658,422.4349655945946,18164.703520567567,19722.667768945463,48.325581395348834,80.02572928606396,-6.020782341843017,South
1928,Tier 3 - Elevated Risk,False,44,0.13636363636363635,0.3004626062886658,659.6988650853655,29026.75006375608,18187.72218647039,43.95454545454545,80.4171283535734,-5.946508010062956,West
1340,Tier 3 - Elevated Risk,False,48,0.14583333333333334,0.3004626062886657,724.4072229552048,34771.54670184983,18866.75965652856,52.333333333333336,77.56770422891111,-7.848962437755546,West
1875,Tier 3 - Elevated Risk,False,48,0.14583333333333334,0.2992218744656382,567.4481033727126,27237.508961890206,16343.456378961155,44.604166666666664,77.32263746519244,-8.094029201474214,West
1476,Tier 3 - Elevated Risk,False,42,0.11904761904761904,0.29886729264865514,707.7562411017838,29725.76212627492,17773.09199392534,49.19047619047619,79.06029433636375,-9.034943758874334,North
1978,Tier 3 - Elevated Risk,False,53,0.16981132075471697,0.29841000534484535,797.0233798993906,42242.2391346677,18155.77526061099,43.75471698113208,77.87464451728204,-5.1442234072462725,West
1749,Tier 3 - Elevated Risk,False,55,0.12727272727272726,0.2979817166342188,617.6947648573554,33973.21206715455,16829.98927452552,41.30909090909091,80.56208205191885,-6.710645220808431,North
1262,Tier 3 - Elevated Risk,False,45,0.1111111111111111,0.29690347032736336,773.4208833707978,34803.9397516859,14915.386974726835,39.68888888888889,81.1719913447745,-7.7168975441143886,North
1086,Tier 3 - Elevated Risk,False,57,0.19298245614035087,0.2968623252340538,821.5374023383714,46827.63193328717,15508.706703365675,47.21052631578947,79.16737133906337,-1.534383046901553,North
1486,Tier 3 - Elevated Risk,False,51,0.13725490196078433,0.2962911769500765,873.5919303294891,44553.18844680394,18308.81097737112,51.254901960784316,77.54145447711093,-8.733055326810643,West
1036,Tier 3 - Elevated Risk,False,64,0.1875,0.2960933430552826,968.3060160951312,61971.5850300884,17309.214798444908,47.703125,79.4963594018828,-1.753640598117201,North
1193,Tier 3 - Elevated Risk,False,57,0.15789473684210525,0.2958733697092725,921.8182137030952,52543.63818107643,18319.218269123263,52.73684210526316,77.60785589958122,-6.602670416208241,North
1520,Tier 3 - Elevated Risk,False,45,0.17777777777777778,0.2956548943929108,1057.1980074004412,47573.910333019856,17262.557834686537,46.51111111111111,80.31592201370927,-1.9063002085129455,South
1122,Tier 3 - Elevated Risk,False,48,0.14583333333333334,0.2955510570957704,493.2563970480246,23676.30705830518,17832.604070840254,42.583333333333336,80.68516140823867,-4.731505258427987,East
1089,Tier 3 - Elevated Risk,False,50,0.12,0.2952798180373507,564.2033718613959,28210.168593069797,16667.686897789572,44.38,79.02928527575715,-8.970714724242853,North
1419,Tier 3 - Elevated Risk,False,54,0.1111111111111111,0.2952798180373507,532.1733300632394,28737.35982341493,19417.692181746985,41.96296296296296,79.05387138915218,-9.835017499736708,South
1834,Tier 3 - Elevated Risk,False,48,0.14583333333333334,0.29515736792445835,662.6856070552077,31808.909138649968,16979.892094950872,52.520833333333336,79.43737671539951,-5.979289951267148,South
1403,Tier 3 - Elevated Risk,False,51,0.1568627450980392,0.2947963279290136,713.7217093967585,36399.80717923468,19742.683133200684,47.96078431372549,79.84257920034068,-4.4711462898553975,South
1478,Tier 3 - Elevated Risk,False,64,0.125,0.2927388612201234,480.5336710645119,30754.154948128762,17012.71096238219,41.34375,80.8457688998853,-6.6542311001147,West
1372,Tier 3 - Elevated Risk,False,52,0.1346153846153846,0.29251577084060987,922.1082989732103,47949.631546606935,18301.096726072705,52.17307692307692,78.29637970093468,-8.242081837526868,East
1824,Tier 3 - Elevated Risk,False,57,0.17543859649122806,0.29241342358054123,1010.6249503142864,57605.62216791432,18900.555459862695,44.50877192982456,80.67412027060669,-1.7820200802704989,South
1780,Tier 3 - Elevated Risk,False,53,0.1509433962264151,0.2922064602034243,987.4327324846237,52333.934821685056,15578.549608896656,40.0188679245283,77.99468678968721,-6.910973587671279,West
1346,Tier 3 - Elevated Risk,False,53,0.11320754716981132,0.2919329849894796,475.06205221173906,25178.28876722217,16767.905573337022,53.094339622641506,77.80504452821448,-10.874200754804392,North
1219,Tier 3 - Elevated Risk,False,50,0.16,0.29184060747425156,894.0110023015291,44700.550115076454,18662.25097472722,45.18,78.26596067060805,-5.734039329391948,West
1587,Tier 3 - Elevated Risk,False,59,0.1016949152542373,0.29164614049283727,476.1556734071839,28093.184731023848,16534.75240896248,49.76271186440678,77.92292116832711,-11.90758730624917,North
1500,Tier 3 - Elevated Risk,False,52,0.11538461538461539,0.290860029604927,402.7187571026044,20941.37536933543,15898.388909983358,43.75,78.64313867007287,-9.81839979146558,South
1200,Tier 3 - Elevated Risk,False,57,0.10526315789473684,0.2907579794188943,595.1455915305593,33923.29871724188,19878.940619672194,51.45614035087719,77.10700917046017,-12.366675040066141,South
1202,Tier 3 - Elevated Risk,False,50,0.18,0.29069264849855553,984.0590257587484,49202.951287937416,20053.354661587247,39.34,79.89176726455655,-2.108232735443451,East
1207,Tier 3 - Elevated Risk,False,56,0.14285714285714285,0.2904472515127834,710.8115973131531,39805.44944953657,17213.98780658073,51.857142857142854,78.03905406177795,-7.675231652507776,North
1425,Tier 3 - Elevated Risk,False,50,0.12,0.28997574592345526,575.1184915904279,28755.924579521394,17652.820428125524,44.14,80.42015774797116,-7.57984225202884,North
1945,Tier 3 - Elevated Risk,False,54,0.1111111111111111,0.28997574592345526,751.9788177154754,40606.85615663567,19196.934683744767,39.72222222222222,78.76623708001583,-10.122651808873059,West
1332,Tier 3 - Elevated Risk,False,52,0.1346153846153846,0.2896216129854001,945.2681805426969,49153.945388220236,14308.927621385983,48.59615384615385,79.28671908060775,-7.251742457853794,South
1259,Tier 3 - Elevated Risk,False,55,0.12727272727272726,0.2894378179176265,972.205459871808,53471.30029294944,16516.699780136823,50.43636363636364,79.2547256422909,-8.018001630436387,North
1081,Tier 3 - Elevated Risk,False,50,0.12,0.28889710704944493,615.2471497953889,30762.357489769445,16647.600837312904,51.3,77.86704199531636,-10.132958004683644,South
1543,Tier 3 - Elevated Risk,False,44,0.11363636363636363,0.28889710704944493,657.3842078858906,28924.90514697919,16939.42043025444,48.88636363636363,79.16872627419754,-9.467637362166101,South
1704,Tier 3 - Elevated Risk,False,55,0.16363636363636364,0.288619827546773,711.908945084553,39154.99197965042,19185.735578439922,55.345454545454544,78.90447814632026,-4.731885490043382,North
1596,Tier 3 - Elevated Risk,False,62,0.16129032258064516,0.2875905654456233,800.8106898973956,49650.262773638526,18147.558939059403,45.24193548387097,78.6267743830548,-5.244193358880693,North
1742,Tier 3 - Elevated Risk,False,51,0.11764705882352941,0.2870540018881465,573.9087716792457,29269.347355641527,19452.959921995836,51.21568627450981,79.07047375701772,-9.164820360629335,North
1337,Tier 3 - Elevated Risk,False,55,0.12727272727272726,0.2864230076823543,604.7631229684465,33261.971763264555,17463.64790724947,39.50909090909091,78.87456366144693,-8.398163611280353,South
1533,Tier 3 - Elevated Risk,False,57,0.15789473684210525,0.2852402621799012,705.3938320025588,40207.448424145856,16503.423972568362,48.35087719298246,77.31418504187808,-6.896341273911389,North
1160,Tier 3 - Elevated Risk,False,60,0.15,0.2849178143246579,696.5193597357164,41791.16158414299,17160.004693547042,37.63333333333333,78.62404673496802,-6.375953265031981,East
1902,Tier 3 - Elevated Risk,False,56,0.125,0.284719318606952,805.3514699446987,45099.68231690313,17509.691804282083,49.964285714285715,78.90012500956804,-8.599874990431957,South
1793,Tier 3 - Elevated Risk,False,58,0.13793103448275862,0.2846112861946811,886.4773349946147,51415.685429687655,18857.074098214645,55.06896551724138,78.95089366672994,-7.256002884994189,South
1879,Tier 3 - Elevated Risk,False,50,0.14,0.2842549671623029,853.2438397582158,42662.19198791079,17402.553683177117,42.12,80.05578034060079,-5.944219659399209,West
1352,Tier 3 - Elevated Risk,False,51,0.13725490196078433,0.2840158879896368,433.1452604716111,22090.408284052166,19208.893838622356,46.01960784313726,78.9413253060808,-7.333184497840776,North
1678,Tier 3 - Elevated Risk,False,57,0.17543859649122806,0.2839020225763442,876.0207699807872,49933.183888904874,18246.646881228004,43.36842105263158,78.75477823283057,-3.7013621180466174,North
1220,Tier 3 - Elevated Risk,False,56,0.125,0.2838351588030316,767.1185226706483,42958.637269556304,18809.729429397423,49.44642857142857,78.7430732041572,-8.756926795842801,North
1730,Tier 3 - Elevated Risk,False,56,0.14285714285714285,0.2835399503605427,960.5391679624012,53790.19340589447,17099.865346762355,47.285714285714285,78.36312884285141,-7.351156871434313,North
1557,Tier 3 - Elevated Risk,False,61,0.13114754098360656,0.2833828315693155,610.065785413737,37214.01291023796,18980.607248995457,47.377049180327866,79.56328025360375,-7.321965648035587,East
1063,Tier 3 - Elevated Risk,False,68,0.11764705882352941,0.28280178898276415,621.0142804130232,42228.97106808558,14931.223343376822,53.294117647058826,77.51889104700405,-10.716403070643011,West
1348,Tier 3 - Elevated Risk,False,53,0.11320754716981132,0.2817760679215111,611.1645351666954,32391.720363834855,17428.29832616559,48.735849056603776,77.41327231766489,-11.265972965353981,West
1782,Tier 3 - Elevated Risk,False,50,0.14,0.2817669900543769,771.2675228661084,38563.37614330542,17961.105117492178,52.64,77.52962088563446,-8.470379114365542,North
1458,Tier 3 - Elevated Risk,False,47,0.2127659574468085,0.281316490856574,1199.4183357933487,56372.66178228739,16251.341824779905,46.212765957446805,77.84382620121968,-0.8795780540994684,North
1960,Tier 3 - Elevated Risk,False,52,0.1346153846153846,0.28008761856618025,723.2577416860082,37609.40256767243,17755.31169601765,45.34615384615385,78.80694199944408,-7.731519539017469,North
1763,Tier 3 - Elevated Risk,False,56,0.125,0.28006662829501566,724.6575705413027,40580.82395031295,17748.400145484735,39.892857142857146,79.31745389271703,-8.182546107282974,North
1809,Tier 3 - Elevated Risk,False,52,0.1346153846153846,0.2779692826455979,529.241086569959,27520.536501637867,16899.521662088857,43.38461538461539,79.4439129204537,-7.094548618007849,East
1660,Tier 3 - Elevated Risk,False,41,0.1951219512195122,0.277102353446726,1133.900581819801,46489.923854611836,17709.605139610838,52.58536585365854,76.4437063736608,-4.044098504387989,North
1964,Tier 3 - Elevated Risk,False,64,0.140625,0.2769216605117882,676.2630724548792,43280.83663711227,19085.290319557236,49.59375,78.82931489996855,-7.108185100031449,North
1496,Tier 3 - Elevated Risk,False,48,0.16666666666666666,0.27585655320231933,780.8431828704776,37480.472777782925,16217.320106165054,52.645833333333336,79.1794539851714,-4.1538793481619365,East
1510,Tier 3 - Elevated Risk,False,45,0.17777777777777778,0.2757474106144018,766.6780041541369,34500.51018693616,15331.040185107604,43.71111111111111,80.37436764964308,-1.8478545725791378,North
1771,Tier 3 - Elevated Risk,False,44,0.11363636363636363,0.2755796994913758,677.0955320132806,29792.203408584348,18194.617793698995,46.97727272727273,77.9205512194242,-10.715812416939443,North
1950,Tier 3 - Elevated Risk,False,43,0.11627906976744186,0.27358633010787253,534.6739520200109,22990.97993686047,16074.031675326743,47.93023255813954,79.22749977773069,-9.14459324552513,North
1277,Tier 3 - Elevated Risk,False,45,0.13333333333333333,0.2733536577809454,1022.0244725592858,45991.10126516786,18440.44896175183,48.13333333333333,79.29910524684293,-7.367561419823744,North
1672,Tier 3 - Elevated Risk,False,54,0.09259259259259259,0.27213808955187846,589.9759937728368,31858.703663733184,16423.40536036013,54.68518518518518,76.38463968473333,-14.356101056007418,West
1285,Tier 3 - Elevated Risk,False,53,0.16981132075471697,0.2703198564829005,1143.9374780166918,60628.68633488466,18356.787325329118,54.528301886792455,78.25158374785045,-4.767284176677862,West
1837,Tier 3 - Elevated Risk,False,47,0.14893617021276595,0.2703102529506447,775.2428101236079,36436.412075809574,16739.47744308373,47.680851063829785,79.7783103208618,-5.328072657861597,North
1237,Tier 3 - Elevated Risk,False,56,0.14285714285714285,0.2688752625475907,819.9990889656726,45919.948982077665,14035.7038340742,49.714285714285715,78.24722870204734,-7.467057012238385,West
1267,Tier 3 - Elevated Risk,False,52,0.17307692307692307,0.2680848532389609,593.4752776675365,30860.714438711897,17461.822547205164,51.65384615384615,78.82278706984773,-3.8695206224599588,East
1028,Tier 3 - Elevated Risk,False,43,0.16279069767441862,0.2674797010974755,574.0174079787316,24682.748543085458,16336.714668035807,50.651162790697676,78.70468588400352,-5.016244348554608,North
1255,Tier 3 - Elevated Risk,False,60,0.16666666666666666,0.2667507880137993,920.0982420118427,55205.89452071056,19397.940702822085,50.03333333333333,79.05241129736342,-4.2809220359699225,South
1099,Tier 3 - Elevated Risk,False,49,0.14285714285714285,0.26620553077534775,688.378002866679,33730.52214046727,17547.79981218553,44.83673469387755,78.32193226924018,-7.3923534450455435,North
1402,Tier 3 - Elevated Risk,False,64,0.140625,0.265158914873395,884.4200856971528,56602.88548461778,17850.17955330052,46.390625,78.19757017622088,-7.739929823779121,South
1597,Tier 3 - Elevated Risk,False,55,0.16363636363636364,0.26481810014254864,460.9278619077619,25351.032404926904,16599.290222496602,56.236363636363635,77.99963523870768,-5.636728397655958,West
1395,Tier 3 - Elevated Risk,False,51,0.13725490196078433,0.2643477042998438,378.74894001377885,19316.19594070272,15410.584249685611,49.21568627450981,78.19545518288676,-8.079054621034814,East
1512,Tier 3 - Elevated Risk,False,46,0.15217391304347827,0.26378263928503204,693.0524668631246,31880.41347570373,16820.806797573016,45.06521739130435,77.57777563957654,-7.204833056075628,East
1369,Tier 3 - Elevated Risk,False,48,0.14583333333333334,0.26284656948173984,655.5640991659285,31467.076759964566,17575.81966434816,40.333333333333336,80.76027358366872,-4.656393082997937,West
1718,Tier 3 - Elevated Risk,False,42,0.14285714285714285,0.2628326990082935,665.4083089790968,27947.148977122062,14850.993399623083,45.523809523809526,78.88038778830807,-6.833897925977652,North
1553,Tier 3 - Elevated Risk,False,54,0.18518518518518517,0.2616994268971833,1020.7306222617958,55119.45360213697,18066.317918486897,47.629629629629626,78.20576476104523,-3.2757167204362645,North
1391,Tier 3 - Elevated Risk,False,53,0.16981132075471697,0.2612668489200371,1039.7958398393619,55109.179511486174,18848.496039584577,49.45283018867924,77.34795517460996,-5.670912749918344,North
1347,Tier 3 - Elevated Risk,False,52,0.19230769230769232,0.2610244446096202,708.9694791909182,36866.412917927744,16657.863231012198,44.55769230769231,79.97988077743352,-0.789349991797252,South
1483,Tier 3 - Elevated Risk,False,74,0.16216216216216217,0.2609604537529376,787.5917569746872,58281.790016126855,16268.643387049398,50.391891891891895,78.80750929272743,-4.976274491056358,North
1452,Tier 3 - Elevated Risk,False,61,0.18032786885245902,0.2599570316484337,1131.2999757201937,69009.29851893181,16597.948020096177,49.42622950819672,78.51393379705345,-3.453279317700648,East
1055,Tier 3 - Elevated Risk,False,57,0.15789473684210525,0.2598182821276477,982.1881121460372,55984.72239232412,18226.70035452904,46.94736842105263,79.76563310837005,-4.444893207419412,North
1931,Tier 3 - Elevated Risk,False,51,0.11764705882352941,0.2590938625858004,416.3381242647694,21233.24433750324,18899.92211209639,42.3921568627451,78.50352049617533,-9.731773621471731,North
1371,Tier 3 - Elevated Risk,False,52,0.17307692307692307,0.25880549982245593,900.6054669032281,46831.484278967866,19766.80124041224,54.96153846153846,78.21414943599216,-4.478158256315538,North
1184,Tier 3 - Elevated Risk,False,49,0.14285714285714285,0.2584354636826937,668.6332246341062,32763.028007071203,16590.59355096606,55.30612244897959,76.57597857124242,-9.138307143043306,South
1995,Tier 3 - Elevated Risk,False,43,0.11627906976744186,0.25720389995846904,717.9280659781099,30870.906837058727,18473.285638429148,50.76744186046512,77.33619205221201,-11.035900971043802,South
1422,Tier 3 - Elevated Risk,False,62,0.16129032258064516,0.2564912548674479,719.0032024766596,44578.198553552895,21330.464295014925,48.193548387096776,78.34810218483469,-5.5228655571008005,East
1309,Tier 3 - Elevated Risk,False,48,0.14583333333333334,0.25494734387349116,730.8064001481531,35078.70720711135,16243.148245340672,50.854166666666664,79.4105066205261,-6.00616004614055,East
1615,Tier 3 - Elevated Risk,False,58,0.13793103448275862,0.25454274446058367,988.4212061813371,57328.429958517554,17191.563793717214,52.293103448275865,79.28443482093164,-6.922461730792492,South
1102,Tier 3 - Elevated Risk,False,50,0.18,0.25410214724509494,836.5121629057179,41825.60814528589,18239.80823176233,51.34,77.65278679589468,-4.347213204105316,West
1116,Tier 3 - Elevated Risk,False,54,0.14814814814814814,0.2540819024817082,904.1739543941409,48825.393537283606,17222.06824305784,41.148148148148145,79.54003549415405,-5.645149691031136,West
1397,Tier 3 - Elevated Risk,False,68,0.14705882352941177,0.2526167763436064,866.8815832806807,58947.94766308629,19206.14055612427,51.89705882352941,78.02268412220985,-7.271433524848973,East
1212,Tier 3 - Elevated Risk,False,54,0.12962962962962962,0.24887999436761488,763.3603055121783,41221.45649765763,15158.351177620247,49.388888888888886,78.25616783562042,-8.780869201416621,South
1152,Tier 3 - Elevated Risk,False,61,0.16393442622950818,0.24728732622471078,853.993403883781,52093.597636910636,17072.720595105307,57.32786885245902,78.1496941814415,-5.456863195607681,North
1845,Tier 3 - Elevated Risk,False,60,0.15,0.24500784037634005,570.5561922951471,34233.37153770882,18548.429832246326,50.016666666666666,78.10760505272158,-6.892394947278419,North
1828,Tier 3 - Elevated Risk,False,46,0.15217391304347827,0.24289198810460338,761.281105865983,35018.93086983522,17183.053504982137,47.78260869565217,79.24197935233441,-5.540629343317761,North
1270,Tier 3 - Elevated Risk,False,61,0.13114754098360656,0.24282663310584304,882.0332002182455,53804.025213312976,16946.667664487926,50.81967213114754,79.09112102786443,-7.794124873774905,East
1983,Tier 3 - Elevated Risk,False,57,0.14035087719298245,0.2427718063792267,600.8305726740371,34247.34264242011,16076.051031970317,49.94736842105263,79.02807583190312,-6.93683644879863,North
1888,Tier 3 - Elevated Risk,False,47,0.14893617021276595,0.24178820993079556,809.7470623711431,38058.111931443724,16862.070163644614,45.48936170212766,78.49220257664123,-6.6141804020821695,South
1844,Tier 3 - Elevated Risk,False,63,0.15873015873015872,0.24161567871460007,771.7276712571538,48618.84328920069,18737.79150103248,48.3968253968254,78.54394857175231,-5.583035555231817,East
1126,Tier 3 - Elevated Risk,False,51,0.13725490196078433,0.24110520614476064,692.7218127476326,35328.81245012926,15156.326025519751,53.64705882352941,78.22705837436754,-8.04745142955403,North
1908,Tier 3 - Elevated Risk,False,47,0.14893617021276595,0.23244812415035596,721.2213867687726,33897.405178132314,18776.57874838741,50.51063829787234,78.93271399035106,-6.1736689883723415,West
1963,Tier 3 - Elevated Risk,False,58,0.13793103448275862,0.2307071876895319,864.3058472203036,50129.73913877761,16524.15566726743,43.12068965517241,79.84287197764404,-6.364024574080091,South
1385,Tier 3 - Elevated Risk,False,52,0.19230769230769232,0.22884538905652943,1035.375544617088,53839.52832008858,17267.02605593313,45.57692307692308,79.25465187179051,-1.5145788974402592,North
1290,Tier 3 - Elevated Risk,False,59,0.11864406779661017,0.22863353892313643,720.745883320437,42524.007115905784,18537.557239664355,44.728813559322035,78.48524453550837,-9.650348684830604,East
1484,Tier 3 - Elevated Risk,False,65,0.2,0.22772641260164744,1185.5560413731127,77061.14268925233,16222.195775174374,45.07692307692308,79.63250472779032,-0.3674952722096805,West
1673,Tier 3 - Elevated Risk,False,66,0.13636363636363635,0.2262213702866823,860.4279811014809,56788.24675269774,15762.442375516588,49.984848484848484,77.06426796459789,-9.299368399038471,North
1798,Tier 3 - Elevated Risk,False,46,0.15217391304347827,0.21720839573894737,844.4964438243932,38846.83641592209,18896.629190948242,41.17391304347826,80.23358523183734,-4.549023463814834,West
1568,Tier 3 - Elevated Risk,False,61,0.14754098360655737,0.21374338414046987,825.0229090772119,50326.39745370993,17459.668102436597,47.114754098360656,78.52509610364699,-6.720805535697281,North
1581,Tier 3 - Elevated Risk,False,49,0.1836734693877551,0.19656958345481923,890.7920245929275,43648.80920505345,18455.38899887148,44.10204081632653,78.9877204632526,-2.644932597971888,East
1789,Tier 3 - Elevated Risk,False,57,0.14035087719298245,0.19650515685302566,839.7261911978989,47864.39289828023,18940.78982827255,50.08771929824562,78.17468671453533,-7.790225566166427,South
1158,Tier 3 - Elevated Risk,False,42,0.16666666666666666,0.1944702106201945,822.1054401288281,34528.42848541078,17200.719352179818,60.42857142857143,76.96003047521378,-6.373302858119558,North
1021,Tier 3 - Elevated Risk,False,53,0.1509433962264151,0.1942317430741862,1050.1039110082952,55655.50728343965,17537.57114977035,49.9622641509434,79.22740255121342,-5.678257826145071,East
1796,Tier 3 - Elevated Risk,False,51,0.1568627450980392,0.18372473051279412,990.0108541528259,50490.55356179412,14121.352860330842,45.431372549019606,78.74493780054111,-5.568787689654968,East
1918,Tier 3 - Elevated Risk,False,41,0.1951219512195122,0.1830216538542215,753.3638328272502,30887.91714591726,18080.644940595637,49.853658536585364,79.29182277365419,-1.1959821043946022,North
1859,Tier 4 - High Risk,True,40,0.225,0.44566422426588587,1214.2837632783444,48571.35053113377,20256.683232941057,51.7,81.16322934821548,3.6632293482154807,North
1998,Tier 4 - High Risk,True,40,0.2,0.4437316221020405,1085.0085321662668,43400.34128665067,16257.583071467681,45.875,80.26012493864927,0.26012493864926967,South
1432,Tier 4 - High Risk,True,38,0.18421052631578946,0.4324777879117459,1262.2718410214131,47966.3299588137,15929.250715647708,49.76315789473684,76.98063193892172,-4.598315429499337,West
1231,Tier 4 - High Risk,True,46,0.21739130434782608,0.4310839052125854,1099.5647789081916,50579.979829776814,16898.056854101527,45.391304347826086,80.58223573970865,2.32136617449126,South
1289,Tier 4 - High Risk,True,46,0.1956521739130435,0.4266308578723401,879.2392663316467,40445.00625125575,19330.613140774007,50.65217391304348,78.98530593975035,-1.4494766689453087,South
1868,Tier 4 - High Risk,True,56,0.26785714285714285,0.4257202525837309,1466.3234931492448,82114.11561635771,19430.60633170332,51.607142857142854,80.50417791226171,7.289892197975988,North
1607,Tier 4 - High Risk,True,37,0.32432432432432434,0.4243365225965242,1617.9760107981979,59865.11239953332,15811.260444256322,54.32432432432432,82.00915925807132,14.441591690503756,South
1509,Tier 4 - High Risk,True,49,0.30612244897959184,0.42266199544454236,1455.416816745411,71315.42402052514,19161.489147634464,47.326530612244895,78.19308706510172,8.805331963060908,East
1785,Tier 4 - High Risk,True,51,0.21568627450980393,0.4226072243784601,1169.4892669239557,59643.95261312174,16856.754981063295,46.68627450980392,79.50018470957578,1.0688121605561633,South
1740,Tier 4 - High Risk,True,56,0.21428571428571427,0.4220087651334536,940.195763203622,52650.962739402836,18174.36678992784,54.44642857142857,79.293662158347,0.7222335869184349,West
1752,Tier 4 - High Risk,True,45,0.26666666666666666,0.4203103469722092,1536.7492925449044,69153.7181645207,14328.242070029613,61.77777777777778,81.89257603517129,8.559242701837945,South
1301,Tier 4 - High Risk,True,47,0.19148936170212766,0.416485467846762,1128.311247212907,53030.628619006624,19058.564833527093,43.234042553191486,79.55406383809769,-1.296999991689546,North
1410,Tier 4 - High Risk,True,44,0.22727272727272727,0.41383176148319295,1491.5564790409169,65628.48507780035,17959.296156182245,51.45454545454545,78.30805936682394,1.035332094096674,North
1053,Tier 4 - High Risk,True,47,0.2978723404255319,0.4121661708352013,1300.8624367314883,61140.53452637995,16304.083782768561,57.51063829787234,79.78777399005199,9.575008032605183,South
1095,Tier 4 - High Risk,True,44,0.2727272727272727,0.40704270130265285,1759.2026255584701,77404.91552457269,16548.551014810684,54.06818181818182,79.39266122852862,6.66538850125589,South
1968,Tier 4 - High Risk,True,46,0.30434782608695654,0.4069411714117974,1663.930133193306,76540.78612689207,17661.320143483146,54.76086956521739,79.20962020007377,9.644402808769428,West
1967,Tier 4 - High Risk,True,50,0.18,0.4049425818849579,1070.0184003487718,53500.92001743859,19648.55418572784,47.58,79.8954993446196,-2.1045006553804058,North
1580,Tier 4 - High Risk,True,39,0.20512820512820512,0.4037500083765563,879.0647699127454,34283.52602659707,17547.01512111419,45.82051282051282,79.73287049193752,0.2456910047580294,North
1991,Tier 4 - High Risk,True,53,0.2641509433962264,0.403104401095812,1436.5265450608142,76135.90688822315,15074.907168437623,47.37735849056604,79.98276805150546,6.3978623911281005,North
1446,Tier 4 - High Risk,True,46,0.30434782608695654,0.4029803498846593,1396.6556862049254,64246.16156542656,17467.749665928393,54.47826086956522,81.74248968686666,12.177272295562318,North
1431,Tier 4 - High Risk,True,57,0.2631578947368421,0.4016922137755051,1608.452485943766,91681.79169879467,16787.808034850437,56.89473684210526,79.75935507751304,6.075144551197241,North
1602,Tier 4 - High Risk,True,49,0.22448979591836735,0.4008652529410994,1509.2244975340789,73952.00037916987,18171.280543027446,52.734693877551024,84.18092554366311,6.62990513549984,North
1683,Tier 4 - High Risk,True,32,0.1875,0.4002163916847487,1093.281847231386,34985.019111404355,20294.968249601334,53.84375,77.29169185811836,-3.958308141881645,North
1769,Tier 4 - High Risk,True,44,0.29545454545454547,0.3992316139888021,1281.1411885570055,56370.212296508245,15492.90443183995,52.63636363636363,80.0407418725785,9.58619641803304,East
1072,Tier 4 - High Risk,True,47,0.23404255319148937,0.39899703402026243,1245.4617569693864,58536.70257756116,15720.656590701268,48.234042553191486,80.54976418136117,3.9540195005100998,North
1203,Tier 4 - High Risk,True,40,0.25,0.39791121287711073,975.2805292393457,39011.22116957383,16010.525639123342,47.275,81.78114388344667,6.781143883446674,East
1166,Tier 4 - High Risk,True,52,0.23076923076923078,0.39751821896565104,1164.1042005139875,60533.418426727345,18674.236118729747,50.63461538461539,79.6757776155628,2.752700692485874,South
1872,Tier 4 - High Risk,True,51,0.1568627450980392,0.39714476363099493,986.9089388920689,50332.35588349552,17801.672374177455,48.64705882352941,80.26671061304616,-4.04701487714992,North
1969,Tier 4 - High Risk,True,55,0.2545454545454545,0.3957714297944927,1517.4158094420181,83457.869519311,18757.923953084817,52.30909090909091,79.89180458846631,5.346350043011768,West
1915,Tier 4 - High Risk,True,51,0.3137254901960784,0.395092824180634,1330.2837082513615,67844.46912081944,18777.884993493168,52.07843137254902,81.58127874990602,12.953827769513865,West
1576,Tier 4 - High Risk,True,63,0.20634920634920634,0.3948594414403987,1142.312734897088,71965.70229851654,18773.76722762103,55.682539682539684,81.57738196942181,2.2123026043424403,North
1268,Tier 4 - High Risk,True,44,0.18181818181818182,0.3948214561961788,1040.6236518016399,45787.44067927216,18915.69891971429,58.38636363636363,77.78914535730006,-4.0290364608817555,West
1398,Tier 4 - High Risk,True,45,0.26666666666666666,0.39437020287636565,1359.3953478800156,61172.7906546007,18518.90296160276,59.4,79.49272099152724,6.159387658193893,North
1453,Tier 4 - High Risk,True,45,0.26666666666666666,0.3939297604899609,1571.3710279131378,70711.6962560912,16239.92017377687,60.24444444444445,81.1624366093637,7.829103276030352,West
1448,Tier 4 - High Risk,True,44,0.25,0.3935827834235225,1258.7969568254491,55387.06610031976,15830.851169790176,52.40909090909091,81.94710551971869,6.94710551971869,North
1954,Tier 4 - High Risk,True,52,0.21153846153846154,0.3924401927318019,1074.223378111372,55859.61566179135,14928.697747467995,55.26923076923077,80.60939967110205,1.7632458249482141,North
1316,Tier 4 - High Risk,True,40,0.225,0.391881906409863,1067.330459143109,42693.21836572436,21882.64459053836,53.15,80.387861514595,2.887861514595002,East
1522,Tier 4 - High Risk,True,50,0.24,0.3908679799852858,1289.0348632691234,64451.74316345617,17768.330943398898,51.2,79.97120555937312,3.971205559373118,East
1953,Tier 4 - High Risk,True,53,0.20754716981132076,0.3906211419562565,1272.8592007991556,67461.53764235525,16411.561667935664,45.320754716981135,79.23003129268565,-0.015251726182270886,North
1593,Tier 4 - High Risk,True,44,0.20454545454545456,0.39035061644948466,1307.860555500756,57545.86444203326,16374.207238223004,54.22727272727273,82.36315803053675,2.8177034850822054,North
1447,Tier 4 - High Risk,True,52,0.21153846153846154,0.3899917897329549,1150.6367150422245,59833.10918219568,16620.386286407727,51.30769230769231,78.87600421436832,0.029850368214482614,South
1124,Tier 4 - High Risk,True,48,0.25,0.38888888888888895,1129.2249012871391,54202.79526178268,16755.777270764705,55.25,79.78074626616741,4.780746266167412,East
1377,Tier 4 - High Risk,True,54,0.18518518518518517,0.3888416449005121,1096.0166658216508,59184.89995436914,19960.446365887554,47.351851851851855,79.49003381697156,-1.9914476645099342,North
1831,Tier 4 - High Risk,True,57,0.22807017543859648,0.3883685626892487,999.2303090249848,56956.127614424135,19865.404916112915,45.35087719298246,79.25354656608492,2.060564109944579,South
1721,Tier 4 - High Risk,True,63,0.25396825396825395,0.38819137899274986,1371.3772807174398,86396.76868519871,18874.758488392068,54.25396825396825,82.19318737799921,7.590012774824601,North
1327,Tier 4 - High Risk,True,45,0.26666666666666666,0.38813418832685703,1765.9850245126008,79469.32610306704,19327.43942634375,48.44444444444444,80.7927703539793,7.45943702064595,West
1715,Tier 4 - High Risk,True,69,0.2028985507246377,0.3881213223236955,1094.348532532333,75510.04874473097,18397.559546796638,52.30434782608695,78.55830764073792,-1.1518372867983118,West
1236,Tier 4 - High Risk,True,55,0.21818181818181817,0.38707366529249726,1274.6952957119777,70108.24126415877,18403.837582160446,54.54545454545455,80.8492822772978,2.667464095479616,West
1736,Tier 4 - High Risk,True,35,0.22857142857142856,0.3869213512396138,1071.323534062975,37496.32369220413,16385.847874807987,45.91428571428571,81.32509256480199,4.1822354219448385,East
1390,Tier 4 - High Risk,True,44,0.20454545454545456,0.38692135123961374,1349.2716209965558,59367.95132384846,16654.406440056646,56.86363636363637,81.38121981773344,1.8357652722788913,South
1260,Tier 4 - High Risk,True,47,0.2553191489361702,0.385464090128013,1344.0705771065707,63171.31712400882,19431.537427184605,52.361702127659576,79.32137448601755,4.85328937963456,North
1344,Tier 4 - High Risk,True,42,0.19047619047619047,0.3851406669430448,928.2150373096517,38985.031567005375,18475.406682187346,53.595238095238095,82.00806418100268,1.0556832286217315,South
1222,Tier 4 - High Risk,True,54,0.25925925925925924,0.3850352335817507,1591.4854978701503,85940.21688498811,17258.247468107154,56.925925925925924,80.20253699022075,6.128462916146674,South
1142,Tier 4 - High Risk,True,50,0.2,0.3849359758029537,1345.708940498357,67285.44702491784,17057.18940364041,47.76,80.49475150337534,0.49475150337534046,North
1459,Tier 4 - High Risk,True,48,0.22916666666666666,0.3849001794597505,1016.9920166824755,48815.61680075883,18576.634814130623,55.3125,80.24321501235202,3.1598816790186817,West
1735,Tier 4 - High Risk,True,50,0.28,0.38483026602632125,1407.1186878461237,70355.93439230618,17682.914180254502,43.38,79.05127677599431,7.05127677599431,North
1171,Tier 4 - High Risk,True,51,0.19607843137254902,0.3843511154753675,888.7685831810809,45327.19774223513,17615.683268251567,47.88235294117647,81.45799704227734,1.0658401795322447,West
1772,Tier 4 - High Risk,True,35,0.17142857142857143,0.3837872758545943,1153.8642810580056,40385.2498370302,19109.187887912096,45.885714285714286,79.90646566436158,-2.9506771927812707,West
1815,Tier 4 - High Risk,True,60,0.26666666666666666,0.3827984059462166,1227.158197137284,73629.49182823705,14723.230187526991,47.333333333333336,80.20877358769569,6.875440254362346,South
1850,Tier 4 - High Risk,True,51,0.21568627450980393,0.38056219755369364,1196.3187131001375,61012.25436810702,18402.428791705366,48.333333333333336,78.80141425604141,0.37004170702179806,North
1563,Tier 4 - High Risk,True,61,0.22950819672131148,0.3799641560155784,1355.6726643845489,82696.03252745749,18752.957785274906,50.68852459016394,81.27890742296131,4.229727095092457,East
1866,Tier 4 - High Risk,True,61,0.22950819672131148,0.37989041909954385,1068.6101163466053,65185.21709714292,16991.068015714,44.98360655737705,78.05829385792495,1.0091135300560978,South
1717,Tier 4 - High Risk,True,62,0.16129032258064516,0.37977483750646923,1146.8319957373906,71103.58373571822,14949.131308486518,50.45161290322581,80.38583879367312,-3.4851289482623713,South
1015,Tier 4 - High Risk,True,54,0.2222222222222222,0.37970276884106596,1078.1073598934706,58217.79743424741,19259.151153580417,50.2962962962963,78.74537669144887,0.9675989136710825,East
1956,Tier 4 - High Risk,True,58,0.22413793103448276,0.3795079503104843,953.6569519596422,55312.10321365925,17233.382947657796,50.706896551724135,78.92397504350373,1.3377681469520013,East
1424,Tier 4 - High Risk,True,42,0.21428571428571427,0.37950726593219547,1261.4993997272877,52982.97478854608,15948.286357696486,55.833333333333336,79.18270572493263,0.6112771535040622,North
1982,Tier 4 - High Risk,True,54,0.24074074074074073,0.37930811206016124,1319.9679679360415,71278.27026854624,19686.621688166917,49.925925925925924,78.80100085393906,2.8750749280131345,North
1783,Tier 4 - High Risk,True,56,0.21428571428571427,0.37668379445309863,962.5339654065559,53901.902062767134,18529.265168521168,50.42857142857143,80.6124726826168,2.041044111188228,North
1856,Tier 4 - High Risk,True,45,0.2222222222222222,0.37503887885679354,1177.3483781180767,52980.67701531345,16856.158843603935,49.4,79.32571796541261,1.547940187634822,South
1891,Tier 4 - High Risk,True,39,0.2564102564102564,0.37485039750922033,1102.3703804862582,42992.444838964075,14623.283416461112,45.87179487179487,79.80056514023667,5.441590781262306,East
1516,Tier 4 - High Risk,True,43,0.23255813953488372,0.3746793500910017,1371.7246375267175,58984.15941364886,16642.622935276246,49.651162790697676,80.05330668893578,3.3091206424241477,North
1955,Tier 4 - High Risk,True,52,0.25,0.3741800151807733,1112.2604031368753,57837.54096311752,18208.313538923114,46.86538461538461,82.82006492953873,7.820064929538731,West
1677,Tier 4 - High Risk,True,52,0.23076923076923078,0.3740066207715478,1287.7698514929798,66964.03227763495,16340.208426985035,59.38461538461539,79.29597472958585,2.372897806508931,South
1282,Tier 4 - High Risk,True,54,0.25925925925925924,0.37384214701618146,1469.9337592969543,79376.42300203553,17006.91362350209,53.888888888888886,80.45534819494762,6.381274120873542,North
1404,Tier 4 - High Risk,True,48,0.22916666666666666,0.3738372286226634,964.3385452221464,46288.25017066303,14821.231982716272,50.354166666666664,80.96825784931029,3.884924515976948,South
1645,Tier 4 - High Risk,True,51,0.19607843137254902,0.373479824739141,1165.398527556599,59435.324905386544,16518.864878328972,50.490196078431374,81.39269237712465,1.0005355143795498,South
1396,Tier 4 - High Risk,True,41,0.3170731707317073,0.37316464442904,1760.0694680065146,72162.8481882671,14441.812502107865,51.0,78.8119225219999,10.519239595170646,North
1462,Tier 4 - High Risk,True,46,0.21739130434782608,0.37193189340702326,1181.142930692762,54332.57481186706,18731.188403284825,44.869565217391305,79.87669194173573,1.615822376518338,North
1123,Tier 4 - High Risk,True,51,0.17647058823529413,0.37141448268574284,957.1173870442985,48812.98673925923,17893.41081521499,47.94117647058823,79.69643141376078,-2.6565097627098027,North
1210,Tier 4 - High Risk,True,51,0.19607843137254902,0.37074534019956806,1036.4223385088403,52857.53926395086,18282.495546872135,54.627450980392155,79.9612533695902,-0.43090349315490073,South
1106,Tier 4 - High Risk,True,50,0.16,0.37063895684556647,1001.4270681807169,50071.353409035844,17244.44095104029,57.94,79.41338283113976,-4.5866171688602435,North
1551,Tier 4 - High Risk,True,52,0.15384615384615385,0.370391915327766,1093.978038484784,56886.85800120878,19796.005738086074,51.98076923076923,78.6762333654145,-5.939151249970109,North
1691,Tier 4 - High Risk,False,43,0.20930232558139536,0.3702546115394853,1467.8347073059156,63116.89241415437,18315.982256981897,42.83720930232558,82.3806705396439,3.310903097783438,East
1916,Tier 4 - High Risk,False,41,0.1951219512195122,0.3701912995310597,1554.6444461803812,63740.422293395626,19583.934904207636,51.609756097560975,79.51163376535405,-0.9761711126947432,South
1143,Tier 4 - High Risk,False,47,0.2553191489361702,0.36968256240046643,1536.5589053472813,72218.26855132222,16481.043889577548,54.48936170212766,81.50828220426703,7.040197097884047,West
1841,Tier 4 - High Risk,False,52,0.19230769230769232,0.369667276445434,933.8827138357442,48561.9011194587,17842.164844548755,53.09615384615385,78.39971360976892,-2.36951715946185,East
1306,Tier 4 - High Risk,False,50,0.22,0.3687371396934413,1257.3370179076405,62866.85089538203,16419.87197794459,55.72,79.32949492710308,1.3294949271030845,North
1336,Tier 4 - High Risk,False,41,0.1951219512195122,0.3687041645313502,1028.225287186524,42157.23677464748,17492.197974484916,48.26829268292683,79.15958985811449,-1.328215019934305,North
1441,Tier 4 - High Risk,False,41,0.21951219512195122,0.3686793485014024,1484.2802056444932,60855.48843142422,16456.62370508942,56.829268292682926,80.52303799835978,2.4742575105549065,East
1421,Tier 4 - High Risk,False,41,0.17073170731707318,0.36866339445719104,1063.9643776064984,43622.539481866435,17769.236447266183,50.5609756097561,78.68278923247996,-4.244040035812716,North
1865,Tier 4 - High Risk,False,46,0.1956521739130435,0.36866339445719093,1059.6073883833506,48741.93986563413,16349.641966829116,57.28260869565217,77.82859177515375,-2.606190833541902,North
1465,Tier 4 - High Risk,False,72,0.19444444444444445,0.36800900673997117,1105.5287544171576,79598.07031803534,18594.427105470328,46.958333333333336,79.12280711104444,-1.4327484445111196,East
1062,Tier 4 - High Risk,False,36,0.16666666666666666,0.36794648440311994,1030.4274245550118,37095.387283980424,20007.442570947806,54.666666666666664,79.70880053217903,-3.6245328011543165,West
1054,Tier 4 - High Risk,False,38,0.23684210526315788,0.36784102210582725,1106.77582164288,42057.48122242944,16558.24978712884,49.81578947368421,80.81035248143334,4.494563007749122,North
1329,Tier 4 - High Risk,False,59,0.23728813559322035,0.36664862870494547,1308.7749069440126,77217.71950969675,18809.067391336757,51.0,78.85974656915255,2.588560128474583,North
1412,Tier 4 - High Risk,False,49,0.1836734693877551,0.365510442529189,1204.382499792914,59014.74248985278,17115.681633868367,49.142857142857146,79.23835083370946,-2.394302227515027,East
1172,Tier 4 - High Risk,False,48,0.20833333333333334,0.36524646796829635,1027.4460927981454,49317.41245431098,19156.944898608403,60.416666666666664,79.9428705506279,0.7762038839612444,North
1141,Tier 4 - High Risk,False,45,0.2222222222222222,0.3649067915102428,1344.3283443860016,60494.77549737007,18560.498174303142,53.62222222222222,81.18314135266556,3.4053635748877724,South
1253,Tier 4 - High Risk,False,48,0.1875,0.3646233557671275,1140.7986592564796,54758.335644311024,16324.603695392152,53.041666666666664,81.51998380790376,0.2699838079037562,South
1571,Tier 4 - High Risk,False,60,0.23333333333333334,0.36414496174747396,1199.1430485989451,71948.58291593671,18064.20283021407,47.53333333333333,81.2549104662364,4.588243799569739,North
1843,Tier 4 - High Risk,False,47,0.19148936170212766,0.3638984812338832,1034.7604957754377,48633.743301445575,16857.371211194764,45.51063829787234,81.00036794991652,0.14930412012928684,West
1604,Tier 4 - High Risk,False,56,0.23214285714285715,0.3626052726785015,1274.319905409615,71361.91470293845,18791.697937322697,50.714285714285715,80.51274364538351,3.727029359669231,North
1770,Tier 4 - High Risk,False,49,0.1836734693877551,0.3619521656771723,1273.4429548211367,62398.7047862357,19389.85870003726,48.795918367346935,78.85731055453849,-2.775342506686002,North
1343,Tier 4 - High Risk,False,40,0.275,0.36179531937004844,1618.5254917523475,64741.0196700939,17540.21678245951,49.875,78.59243663882488,6.0924366388248785,East
1622,Tier 4 - High Risk,False,33,0.18181818181818182,0.36131224279912905,1092.8736628043125,36064.83087254231,19460.486137328582,57.60606060606061,81.80576103316812,-0.012420785013688374,West
1127,Tier 4 - High Risk,False,56,0.23214285714285715,0.36087853723392366,969.6383888843286,54299.749777522404,18477.12724570759,56.42857142857143,78.56590021586327,1.7801859301489884,North
1374,Tier 4 - High Risk,False,43,0.20930232558139536,0.36004114991154784,1081.6783590632372,46512.1694397192,15189.183414343323,52.58139534883721,80.60623580653463,1.536468364674164,West
1179,Tier 4 - High Risk,False,57,0.17543859649122806,0.35860725547569283,929.5017759992419,52981.60123195679,18345.317240415643,49.87719298245614,79.72063916034921,-2.735501190527984,East
1115,Tier 4 - High Risk,False,52,0.21153846153846154,0.35858607321386227,1225.633213542152,63732.9271041919,18093.55233106171,45.63461538461539,77.82559183374558,-1.0205620124082628,East
1019,Tier 4 - High Risk,False,45,0.17777777777777778,0.358485889293397,854.8852777477034,38469.83749864665,16682.400785877668,53.08888888888889,79.71624054934082,-2.50598167288139,East
1218,Tier 4 - High Risk,False,53,0.18867924528301888,0.35816765941328293,931.5711836150308,49373.27273159663,19482.596619200558,55.660377358490564,81.20966322733362,0.07758775563550557,North
1368,Tier 4 - High Risk,False,47,0.2978723404255319,0.35771911182233884,1227.9711929705588,57714.64606961626,17092.495876208286,48.808510638297875,80.6001598859718,10.387393928525,South
1083,Tier 4 - High Risk,False,53,0.20754716981132076,0.35769456565462465,1243.2364286906723,65891.53072060563,18548.205802967095,54.20754716981132,77.76606880241908,-1.4792142164488382,North
1959,Tier 4 - High Risk,False,52,0.17307692307692307,0.3576744811735367,1095.7396947732952,56978.46412821135,17470.482831671594,52.17307692307692,81.09843689546248,-1.5938707968452093,South
1466,Tier 4 - High Risk,False,58,0.1896551724137931,0.35765841277661153,1046.4852999107402,60696.147394822925,17764.792108129117,48.3448275862069,81.93761213360733,0.9031293749866478,North
1382,Tier 4 - High Risk,False,48,0.1875,0.35681201607403135,892.8972363237467,42859.06734353984,19705.191335808096,50.270833333333336,79.6241799866794,-1.625820013320606,North
1006,Tier 4 - High Risk,False,41,0.1951219512195122,0.35667095577356944,902.1258093441938,36987.15818311195,19194.172325281743,56.26829268292683,80.94193713010974,0.4541322520609441,West
1498,Tier 4 - High Risk,False,54,0.24074074074074073,0.3565640630160066,1368.9952762000469,73925.74491480253,18768.789496824505,48.2962962962963,79.36543439015186,3.4395084642259377,West
1590,Tier 4 - High Risk,False,49,0.20408163265306123,0.3562276633673305,1149.045300100342,56303.21970491676,16735.833531376717,57.38775510204081,79.41292030048203,-0.17891643421184256,North
1239,Tier 4 - High Risk,False,37,0.21621621621621623,0.3559026084010437,1220.9130358719783,45173.782327263194,18528.450377579768,52.648648648648646,82.00191363361876,3.623535255240384,South
1577,Tier 4 - High Risk,False,56,0.23214285714285715,0.3548619847471618,1199.3870385995156,67165.67416157287,18443.84239107095,55.5,78.6578245435834,1.8721102578691244,West
1610,Tier 4 - High Risk,False,45,0.17777777777777778,0.3543353534056515,1085.4934548090637,48847.20546640786,16164.430947390256,51.733333333333334,81.41034766600932,-0.8118745562128993,North
1562,Tier 4 - High Risk,False,53,0.2830188679245283,0.35376682459435743,1503.7648181661236,79699.53536280456,16597.67165170605,53.64150943396226,78.97413103986665,7.276017832319468,South
1017,Tier 4 - High Risk,False,52,0.21153846153846154,0.3536800895368115,1210.8205579968633,62962.66901583689,18437.170501102748,42.36538461538461,80.31831961226281,1.4721657661089722,North
1221,Tier 4 - High Risk,False,46,0.2608695652173913,0.35302417534223973,1444.7252667698476,66457.36227141299,18990.970734955743,46.58695652173913,80.04174821009913,6.128704731838269,North
1256,Tier 4 - High Risk,False,43,0.2558139534883721,0.3530241753422396,1236.1898191311302,53156.1622226386,17156.69845517052,56.44186046511628,81.03155044881082,6.612945797648024,South
1690,Tier 4 - High Risk,False,28,0.2857142857142857,0.352396093247283,1033.46095808311,28936.906826327082,16919.173109277373,51.67857142857143,80.83034110069683,9.401769672125397,North
1131,Tier 4 - High Risk,False,48,0.22916666666666666,0.35203923635246104,881.829721402173,42327.826627304305,16901.414051628384,43.708333333333336,81.96806160195443,4.884728268621089,North
1825,Tier 4 - High Risk,False,63,0.2222222222222222,0.3516474285111362,1246.6517381863555,78539.0595057404,14752.384161106358,52.20634920634921,80.62300065889815,2.845222881120364,East
1338,Tier 4 - High Risk,False,51,0.27450980392156865,0.35123655871991155,1509.1246032178426,76965.35476410997,16227.486505193892,44.07843137254902,80.15240508710693,7.6033854792637925,North
1416,Tier 4 - High Risk,False,64,0.21875,0.35120121569665735,1145.2612511332375,73296.7200725272,18030.42768166673,44.578125,81.24742955545459,3.1224295554545876,North
1984,Tier 4 - High Risk,False,55,0.21818181818181817,0.35081829584916036,1164.539336090258,64049.6634849642,18952.496027127745,46.09090909090909,81.79637082835877,3.614552646540588,South
1373,Tier 4 - High Risk,False,43,0.23255813953488372,0.35033627737700357,1194.0129873468563,51342.55845591482,16130.91810957725,48.72093023255814,82.37829165994148,5.634105613429853,West
1981,Tier 4 - High Risk,False,41,0.21951219512195122,0.35001017486227815,1141.7450345001826,46811.54641450749,16410.633535315188,51.707317073170735,79.61436610897944,1.565585621174563,North
1359,Tier 4 - High Risk,False,55,0.21818181818181817,0.34998473715194534,1304.8294883738004,71765.62186055903,18406.745703358818,48.21818181818182,80.17007452661123,1.9882563447930437,North
1676,Tier 4 - High Risk,False,41,0.2682926829268293,0.34986769986297306,1165.0208787495528,47765.856028731665,17615.658000426913,53.75609756097561,77.92069143974956,4.749959732432487,East
1529,Tier 4 - High Risk,False,44,0.25,0.34942423457511756,1349.2371241860665,59366.43346418693,17483.465726027935,45.38636363636363,78.78973681324219,3.789736813242186,East
1974,Tier 4 - High Risk,False,49,0.2653061224489796,0.34942423457511756,1448.4752516048502,70975.28732863766,15552.810958217451,58.224489795918366,80.95523969870177,7.485851943599741,North
1170,Tier 4 - High Risk,False,47,0.2127659574468085,0.34933799827249973,1294.7651055635893,60853.95996148869,15851.476879630607,47.0,79.40013709068558,0.6767328353664226,South
1041,Tier 4 - High Risk,False,44,0.20454545454545456,0.3478771600989615,1176.416577426435,51762.329406763136,15345.273599793521,48.0,80.08075004292613,0.53529549747158,South
1025,Tier 4 - High Risk,False,49,0.20408163265306123,0.3476416270452962,1057.5123183253138,51818.103597940375,18687.52156927707,51.87755102040816,81.00908486384854,1.4172481291546717,North
1876,Tier 4 - High Risk,False,52,0.21153846153846154,0.3475587740933544,782.2838338418037,40678.759359773794,16918.13851250932,48.51923076923077,80.93577679374343,2.0896229475895893,East
1681,Tier 4 - High Risk,False,49,0.24489795918367346,0.3472111109333276,1154.6576332695738,56578.224030209116,17006.74624407612,46.53061224489796,79.42923367115714,3.9190295895244844,West
1400,Tier 4 - High Risk,False,65,0.2153846153846154,0.34681040712899,1449.8483138959527,94240.14040323693,18061.188362162724,44.15384615384615,78.7404165516442,0.27887809010573505,North
1550,Tier 4 - High Risk,False,63,0.1746031746031746,0.3465270819409625,1005.5821019720942,63351.67242424193,16535.854697884894,50.58730158730159,79.76721295529882,-2.772469584383714,West
1457,Tier 4 - High Risk,False,61,0.19672131147540983,0.3465167984753636,1134.109072334913,69180.65341242969,15414.067346698414,49.65573770491803,78.53531901466937,-1.7925498377896503,North
1762,Tier 4 - High Risk,False,46,0.21739130434782608,0.34433988855161207,1062.082730420631,48855.80559934903,16269.975331681824,47.43478260869565,79.69177146444682,1.4309018992294256,North
1039,Tier 4 - High Risk,False,47,0.2127659574468085,0.3439961240091715,1056.9995996754053,49678.98118474405,17020.2620106273,51.40425531914894,79.74733377826657,1.0239295229474124,North
1822,Tier 4 - High Risk,False,48,0.1875,0.3435985516946068,931.4222646068155,44708.26870112714,16752.26308226729,48.25,80.20349669568934,-1.0465033043106615,East
1779,Tier 4 - High Risk,False,53,0.20754716981132076,0.34346680253620504,1110.7334413601097,58868.87239208581,18528.811565538803,54.113207547169814,77.77236383411847,-1.4729191847494576,East
1217,Tier 4 - High Risk,False,56,0.23214285714285715,0.3431976392619338,1323.6024581802583,74121.73765809447,18276.569955101557,50.160714285714285,79.59724386841063,2.811529582696352,North
1880,Tier 4 - High Risk,False,48,0.20833333333333334,0.34149724796895564,1138.8719377109464,54665.85301012543,18305.217849420183,55.020833333333336,80.04349231222851,0.8768256455618513,East
1078,Tier 4 - High Risk,False,47,0.2127659574468085,0.34134461573102404,1119.662796428801,52624.151432153645,16235.772673748712,57.04255319148936,81.09535146076084,2.3719472054416855,North
1927,Tier 4 - High Risk,False,58,0.20689655172413793,0.34133904798456965,966.3990501207998,56051.14490700638,17875.48548511789,51.51724137931034,80.31374425572741,1.0033994281412077,West
1745,Tier 4 - High Risk,False,49,0.2857142857142857,0.34101156708957675,1514.9587878454893,74232.98060442897,16800.031429903345,54.08163265306123,79.20114310090561,7.7725716723341804,North
1903,Tier 4 - High Risk,False,55,0.2,0.3404414533245951,1026.614546298769,56463.80004643229,17770.797275085664,55.654545454545456,78.16274405556264,-1.8372559444373593,North
1209,Tier 4 - High Risk,False,48,0.20833333333333334,0.34015998039236833,1015.2182779957167,48730.4773437944,15632.713076906852,53.041666666666664,80.17258379772471,1.0059171310580552,West
1023,Tier 4 - High Risk,False,52,0.25,0.34006149007305414,1709.7293691222003,88905.92719435442,16862.417431155984,51.57692307692308,78.58176440867459,3.5817644086745872,South
1591,Tier 4 - High Risk,False,55,0.2,0.3399362555661348,1301.3089841198312,71571.99412659071,19090.075120231733,50.63636363636363,81.2456419202988,1.2456419202987945,East
1716,Tier 4 - High Risk,False,48,0.20833333333333334,0.3397070313328505,1337.976517421948,64222.87283625351,18572.741963844277,49.104166666666664,77.84008784374964,-1.3265788229170141,North
1305,Tier 4 - High Risk,False,45,0.2222222222222222,0.3391164991562634,1205.8200857084512,54261.90385688031,17171.20342393029,58.044444444444444,79.14432988476494,1.3665521069871573,West
1854,Tier 4 - High Risk,False,42,0.19047619047619047,0.33856471815011735,1068.7834151102647,44888.903434631124,15920.72308555221,51.904761904761905,79.56542059037808,-1.386960362002867,North
1297,Tier 4 - High Risk,False,58,0.1724137931034483,0.3380689253548723,1171.0424434218678,67920.46171846833,17445.829192255667,56.06896551724138,81.73133102773687,-1.027289661918303,West
1246,Tier 4 - High Risk,False,49,0.1836734693877551,0.3376457161428672,965.4919610307638,47309.10609050743,18501.340488073954,51.40816326530612,79.56591949522884,-2.066733565995648,North
1600,Tier 4 - High Risk,False,50,0.2,0.33679294407615956,1144.529373951343,57226.46869756715,17997.954182407426,45.34,79.51690693929721,-0.48309306070278524,South
1542,Tier 4 - High Risk,False,50,0.18,0.3358876491038526,1017.0639703000703,50853.19851500352,17140.893209271082,50.72,80.72627287943139,-1.2737271205686085,North
1724,Tier 4 - High Risk,False,57,0.21052631578947367,0.3356571298397526,1269.1154620783036,72339.58133846331,16653.079128979178,52.54385964912281,79.06079761641946,0.11342919536683382,North
1233,Tier 4 - High Risk,False,57,0.19298245614035087,0.3355812144677357,1118.0086000394206,63726.49020224697,16356.878757379629,52.21052631578947,79.86443362985092,-0.8373207561139964,North
1199,Tier 4 - High Risk,False,50,0.22,0.33524309622792997,1004.1859995845772,50209.29997922886,17716.39808230622,56.66,79.4522601236316,1.4522601236316035,West
1014,Tier 4 - High Risk,False,57,0.19298245614035087,0.33433728205258095,1133.0349786256215,64582.99378166042,17973.685793052126,45.07017543859649,81.01564013580852,0.31388574984360673,West
1882,Tier 4 - High Risk,False,48,0.22916666666666666,0.33415577063905894,912.9476465041554,43821.48703219946,16531.089575003523,44.375,80.2143355751219,3.1310022417885506,North
1651,Tier 4 - High Risk,False,54,0.2962962962962963,0.33391254025726974,1541.489094626364,83240.41110982366,20772.28299025579,49.2037037037037,80.82729987742375,10.456929507053388,North
1157,Tier 4 - High Risk,False,47,0.19148936170212766,0.33357271098237756,872.5336021906962,41009.079302962724,17466.347247786838,49.87234042553192,79.87813792899995,-0.9729259007872884,South
1877,Tier 4 - High Risk,False,49,0.22448979591836735,0.33337466674949234,1348.789455178742,66090.68330375836,17504.394924729317,52.0,79.33000725901331,1.7789868508500462,West
1109,Tier 4 - High Risk,False,50,0.18,0.3333630091253648,1186.484457076699,59324.22285383496,18596.440993702243,51.22,79.27694649473389,-2.7230535052661082,East
1818,Tier 4 - High Risk,False,57,0.22807017543859648,0.33316353700072177,1310.7236928066034,74711.25048997639,17792.437358759747,47.19298245614035,81.7442465009842,4.551264044843862,North
1567,Tier 4 - High Risk,False,47,0.19148936170212766,0.33253108588058816,956.3878434533596,44950.2286423079,17846.315316397693,49.97872340425532,79.41216142539878,-1.4389024043884575,East
1240,Tier 4 - High Risk,False,43,0.16279069767441862,0.33246414454405065,962.5218372015723,41388.43899966761,18573.425089987413,57.55813953488372,79.31863175642023,-4.402298476137901,East
1881,Tier 4 - High Risk,False,66,0.24242424242424243,0.33222084470299634,1431.9561977340963,94509.10905045037,18933.09242028418,50.84848484848485,79.26339896108082,3.5058232035050736,North
1146,Tier 4 - High Risk,False,46,0.17391304347826086,0.33023249074309274,1218.168183086891,56035.73642199699,18564.101150052134,43.93478260869565,80.59343390050427,-2.015261751669641,North
1100,Tier 4 - High Risk,False,49,0.24489795918367346,0.3279208003193016,1411.970201078836,69186.53985286296,18668.29340935719,60.795918367346935,79.63139129209593,4.121187210463276,East
1450,Tier 4 - High Risk,False,47,0.2978723404255319,0.32611226034788443,1735.8016747689894,81582.6787141425,14920.7984248624,49.06382978723404,79.20397951972743,8.99121356228062,North
1973,Tier 4 - High Risk,False,42,0.21428571428571427,0.32550327333589285,1398.6243314445094,58742.22192066939,16948.849806292128,45.404761904761905,81.14522303297615,2.5737944615475783,North
1667,Tier 4 - High Risk,False,53,0.2641509433962264,0.3251725380273979,1128.0948507898968,59789.027091864526,14606.97047725956,55.339622641509436,77.58745086553617,4.00254520515881,North
1938,Tier 4 - High Risk,False,65,0.18461538461538463,0.3243180511895069,1214.4315159591429,78938.0485373443,16667.797284335033,52.38461538461539,81.00462826252067,-0.5338332759408644,North
1579,Tier 4 - High Risk,False,51,0.21568627450980393,0.32411186476559944,1651.3457831774322,84218.63494204904,17289.420799287633,52.8235294117647,82.54995866355632,4.118586114536711,West
1892,Tier 4 - High Risk,False,44,0.20454545454545456,0.3234494786166633,1119.2727026268058,49247.998915579454,19389.417782230033,54.11363636363637,80.13661152321696,0.5911569777624095,North
1754,Tier 4 - High Risk,False,48,0.25,0.32159844518793784,1296.4038454282904,62227.38458055794,18790.40012436105,50.479166666666664,81.7286979637113,6.728697963711298,South
1090,Tier 4 - High Risk,False,55,0.21818181818181817,0.32104220962113833,1260.023357213725,69301.28464675487,17292.10324677911,55.69090909090909,79.50851776974936,1.3266995879311736,South
1530,Tier 4 - High Risk,False,61,0.19672131147540983,0.3187539597329987,996.9243091735004,60812.38285958353,16052.66974975993,51.98360655737705,79.4982403969602,-0.8296284554988205,West
1461,Tier 4 - High Risk,False,47,0.2127659574468085,0.3177992712571792,1020.0394902369036,47941.856041134466,16602.33262275208,55.744680851063826,79.75858113580706,1.03517688048791,South
1169,Tier 4 - High Risk,False,42,0.21428571428571427,0.3177499130055069,1043.7004101559312,43835.41722654911,19688.324944354623,43.42857142857143,79.83239727925199,1.260968707823423,East
1720,Tier 4 - High Risk,False,53,0.22641509433962265,0.31759890112653,1261.2634361737555,66846.96211720904,16993.72748772258,46.075471698113205,78.2570250211315,0.8985344550937526,North
1634,Tier 4 - High Risk,False,38,0.18421052631578946,0.31747521766902076,1107.8308985157728,42097.57414359937,19025.43476429638,46.5,80.3160655920201,-1.2628817764009597,East
1810,Tier 4 - High Risk,False,47,0.19148936170212766,0.317374377867048,1175.5466029938955,55250.69034071309,17103.561452226935,52.38297872340426,79.84288642439687,-1.00817740539037,South
1252,Tier 4 - High Risk,False,48,0.20833333333333334,0.315015240027011,1163.925840290085,55868.44033392408,19610.988800351297,57.770833333333336,79.28693133756231,0.12026467089565074,East
1935,Tier 4 - High Risk,False,63,0.20634920634920634,0.3133370016904364,1016.364157328062,64030.941911667906,17109.72614752094,62.63492063492063,78.83329136441424,-0.5317880006651308,West
1215,Tier 4 - High Risk,False,40,0.2,0.31325392148171344,1170.0206895944884,46800.82758377954,17259.985401673854,51.15,79.45090476020312,-0.549095239796884,North
1443,Tier 4 - High Risk,False,50,0.2,0.3130988625747012,1104.757875989633,55237.89379948165,19125.319501397134,57.0,81.41423896561312,1.414238965613123,North
1485,Tier 4 - High Risk,False,48,0.1875,0.31221695000161787,1249.3371686897735,59968.18409710913,18630.934560458718,53.625,80.9150044980997,-0.3349955019002948,North
1379,Tier 4 - High Risk,False,47,0.19148936170212766,0.31180478223116176,940.5169463903557,44204.29648034672,15600.367548638002,57.765957446808514,79.8237088695678,-1.0273549602194407,North
1933,Tier 4 - High Risk,False,55,0.2545454545454545,0.31161467183639435,959.7466221283046,52786.06421705675,13935.904415887468,44.345454545454544,79.96972312103316,5.424268575578608,East
1464,Tier 4 - High Risk,False,53,0.20754716981132076,0.31125929483062786,1110.161251508734,58838.546329962905,20051.84852848191,46.698113207547166,79.47261820327236,0.22733518440443845,North
1375,Tier 4 - High Risk,False,41,0.1951219512195122,0.3101593629238955,1110.5818835669313,45533.85722624418,18380.10085002565,48.0,80.41697632645436,-0.07082855159443113,East
1505,Tier 4 - High Risk,False,60,0.2,0.3094093194849292,1000.3459024575992,60020.754147455955,17160.73214724684,47.233333333333334,80.18341644084643,0.18341644084642894,West
1093,Tier 4 - High Risk,False,51,0.17647058823529413,0.30805554959184345,1231.7961398030352,62821.6031299548,17728.67800705242,56.72549019607843,79.04820486383007,-3.3047363126405145,North
1836,Tier 4 - High Risk,False,51,0.23529411764705882,0.30691229479308363,1482.9077901534297,75628.29729782492,16777.22501187208,50.254901960784316,80.83075522513178,4.360166989837666,North
1776,Tier 4 - High Risk,False,55,0.2,0.3068478241916386,1119.119945633462,61551.597009840414,18965.557995698204,57.41818181818182,78.55457141057028,-1.4454285894297243,North
1045,Tier 4 - High Risk,False,49,0.1836734693877551,0.30648847479992647,1053.4325802565256,51618.196432569755,19057.2533296748,48.224489795918366,80.10329281034421,-1.5293602508802735,West
1387,Tier 4 - High Risk,False,51,0.19607843137254902,0.30591609320965135,1174.1003324292085,59879.116953889636,17561.04506928441,50.96078431372549,80.19167738861388,-0.20047947413121392,West
1644,Tier 4 - High Risk,False,56,0.23214285714285715,0.3058392141739084,1034.832052916108,57950.59496330205,17453.67257008541,64.14285714285714,78.61489844674773,1.829184161033453,South
1110,Tier 4 - High Risk,False,66,0.19696969696969696,0.30576402142516446,1167.455466034995,77052.06075830967,14226.563596679776,49.60606060606061,80.82267718299579,0.5196468799654923,East
1592,Tier 4 - High Risk,False,54,0.24074074074074073,0.30508933431981666,1102.4456229829832,59532.06364108109,16226.75211144091,55.25925925925926,79.93332990584571,4.007403979919786,East
1317,Tier 4 - High Risk,False,52,0.19230769230769232,0.30469756885411553,1210.3459001076787,62937.9868055993,17088.230836144707,52.17307692307692,78.26833602692642,-2.5008947423043537,North
1738,Tier 4 - High Risk,False,49,0.1836734693877551,0.30406563154891675,1039.1593403867123,50918.8076789489,16882.450306881525,55.61224489795919,78.65385144502709,-2.9788016161974014,North
1727,Tier 4 - High Risk,False,52,0.21153846153846154,0.30315033666870445,1488.760704977416,77415.55665882563,19735.31527450414,52.92307692307692,80.6280116008155,1.781857754661658,North
1059,Tier 4 - High Risk,False,53,0.16981132075471697,0.30210898905832195,1071.5781948559654,56793.644327366164,15942.342728813577,56.886792452830186,79.73803848470537,-3.280829439822938,West
1975,Tier 4 - High Risk,False,57,0.21052631578947367,0.30130033688018876,1151.6465102619522,65643.85108493127,18766.43764914498,48.24561403508772,79.79395992778909,0.8465915067364591,North
1977,Tier 4 - High Risk,False,45,0.24444444444444444,0.2960451513949701,1315.1392267732153,59181.26520479469,17967.86574819696,53.51111111111111,80.75455105085501,5.198995495299457,North
1910,Tier 4 - High Risk,False,46,0.21739130434782608,0.2956548943929108,1191.0227792993737,54787.047847771195,15978.23736311818,52.73913043478261,78.99283709392081,0.7319675287034215,East
1499,Tier 4 - High Risk,False,48,0.1875,0.29439390102282287,1121.5352323531563,53833.6911529515,16232.855570288331,55.875,80.62598636011107,-0.6240136398889291,North
1471,Tier 4 - High Risk,False,56,0.17857142857142858,0.2941597905277261,1114.150001498801,62392.40008393285,17260.573217817047,48.5,80.36429311149702,-1.7785640313601192,West
1335,Tier 4 - High Risk,False,58,0.20689655172413793,0.2914376390171617,1192.0715881239123,69140.15211118691,14841.503015212364,56.206896551724135,79.46488666462454,0.15454183703833735,North
1150,Tier 4 - High Risk,False,59,0.1864406779661017,0.29085197574517485,1416.7392410537898,83587.6152221736,16841.233189974,53.47457627118644,79.5642628974968,-1.7916693058930377,East
1524,Tier 4 - High Risk,False,65,0.2153846153846154,0.2899029872524254,1310.1673192123803,85160.87574880473,16191.925289404413,51.723076923076924,80.56523158693693,2.1036931253984648,South
1565,Tier 4 - High Risk,False,58,0.1724137931034483,0.28784620213100354,1102.2872858700832,63932.66258046483,18989.23913444333,50.758620689655174,79.67393684580742,-3.084683843847756,North
1279,Tier 4 - High Risk,False,51,0.17647058823529413,0.2851899951494325,1012.4600313973614,51635.46160126543,17800.6254473892,57.72549019607843,78.42259786243356,-3.9303433140370174,South
1734,Tier 4 - High Risk,False,45,0.24444444444444444,0.28251515855758047,1412.095897803388,63544.31540115246,16472.965654626503,47.55555555555556,78.92499943228252,3.3694438767269617,North
1941,Tier 4 - High Risk,False,39,0.23076923076923078,0.2807211210901078,1501.8115368000945,58570.649935203684,18253.092987676362,53.76923076923077,79.31264523414988,2.3895683110729635,North
1312,Tier 4 - High Risk,False,48,0.25,0.28012893856619353,1560.8301077794497,74919.84517341359,16384.10755613021,49.9375,81.22512551987292,6.225125519872918,South
1894,Tier 4 - High Risk,False,47,0.19148936170212766,0.27456258919345766,929.8534152595813,43703.11051720032,14322.252721332878,55.0,78.97319490805813,-1.8778689217291031,East
1284,Tier 4 - High Risk,False,58,0.1896551724137931,0.27443287627419377,1279.9475586868257,74236.95840383589,16743.418417706936,50.08620689655172,80.93343659953324,-0.10104615908744563,West
1084,Tier 4 - High Risk,False,45,0.2,0.27416888755836605,1240.0808905981855,55803.64007691835,18756.365106167395,48.55555555555556,78.74732253364962,-1.2526774663503772,East
1846,Tier 4 - High Risk,False,49,0.1836734693877551,0.270801280154532,1282.2424711137987,62829.88108457613,18842.56944446907,56.87755102040816,77.76127489989081,-3.8713781613336806,North
1797,Tier 4 - High Risk,False,55,0.21818181818181817,0.2696826127461696,1091.787246872622,60048.29857799422,18099.056184715184,47.127272727272725,79.70796606328842,1.5261478814702372,North
1405,Tier 4 - High Risk,False,51,0.21568627450980393,0.24910094751181108,1170.3437024849438,59687.52882673214,17927.12904745364,52.86274509803921,81.11189380919654,2.6805212601769313,East
1606,Tier 4 - High Risk,False,56,0.19642857142857142,0.23049232189879265,1290.998397113906,72295.91023837874,17382.233799007772,49.892857142857146,80.49698381511027,0.13984095796740803,South
